pitcher,player_name,pitch_pct_CH,pitch_pct_CU,pitch_pct_FF,pitch_pct_SL,pitch_pct_FC,pitch_pct_SI,pitch_pct_ST,pitch_pct_SV,pitch_pct_FS,pitch_pct_KC,pitch_pct_KN,pitch_pct_PO,avg_speed_CH,avg_speed_CU,avg_speed_FF,avg_speed_SL,avg_speed_FC,avg_speed_SI,avg_speed_ST,avg_speed_SV,avg_speed_FS,avg_speed_KC,avg_speed_KN,avg_speed_PO,avg_spin_CH,avg_spin_CU,avg_spin_FF,avg_spin_SL,avg_spin_FC,avg_spin_SI,avg_spin_ST,avg_spin_SV,avg_spin_FS,avg_spin_KC,avg_spin_KN,avg_spin_PO,avg_pfx_x_CH,avg_pfx_x_CU,avg_pfx_x_FF,avg_pfx_x_SL,avg_pfx_x_FC,avg_pfx_x_SI,avg_pfx_x_ST,avg_pfx_x_SV,avg_pfx_x_FS,avg_pfx_x_KC,avg_pfx_x_KN,avg_pfx_x_PO,avg_pfx_z_CH,avg_pfx_z_CU,avg_pfx_z_FF,avg_pfx_z_SL,avg_pfx_z_FC,avg_pfx_z_SI,avg_pfx_z_ST,avg_pfx_z_SV,avg_pfx_z_FS,avg_pfx_z_KC,avg_pfx_z_KN,avg_pfx_z_PO,cluster,cluster_name
434378,"Verlander, Justin",1.0526315789473684,27.368421052631582,47.368421052631575,24.210526315789473,0,0,0,0,0,0,0,0,86.4,77.09615384615384,93.45333333333333,86.19130434782609,0,0,0,0,0,0,0,0,1987,2639.153846153846,2403.0666666666666,2529.695652173913,0,0,0,0,0,0,0,0,-1.41,0.6476923076923077,-0.7533333333333333,0.34782608695652173,0,0,0,0,0,0,0,0,0.78,-1.0415384615384615,1.6351111111111112,0.5273913043478261,0,0,0,0,0,0,0,0,4,Balanced Arsenal
450203,"Morton, Charlie",16.483516483516482,38.46153846153847,30.76923076923077,0,10.989010989010989,3.296703296703297,0,0,0,0,0,0,85.29333333333334,80.62857142857143,93.64642857142857,0,87.74,92.39999999999999,0,0,0,0,0,0,2115.6666666666665,3109.885714285714,2268.035714285714,0,2448.6,2154.3333333333335,0,0,0,0,0,0,-1.5086666666666666,1.188,-1.0982142857142858,0,0.007999999999999998,-1.5,0,0,0,0,0,0,-0.03133333333333334,-0.856,0.8525,0,0.446,0.31666666666666665,0,0,0,0,0,0,4,Balanced Arsenal
458681,"Lynn, Lance",5.747126436781609,9.195402298850574,33.33333333333333,0,27.586206896551722,24.137931034482758,0,0,0,0,0,0,84.60000000000001,80.53750000000001,92.10689655172413,0,87.97916666666667,91.04761904761905,0,0,0,0,0,0,1665.2,2680,2505.9310344827586,0,2702.5833333333335,2427.190476190476,0,0,0,0,0,0,-1.232,0.5725,-0.3020689655172414,0,0.13458333333333333,-1.0161904761904763,0,0,0,0,0,0,0.6,-0.56625,1.2158620689655173,0,0.525,0.7628571428571429,0,0,0,0,0,0,4,Balanced Arsenal
471911,"Carrasco, Carlos",22.900763358778626,5.343511450381679,18.3206106870229,20.610687022900763,0,28.24427480916031,4.580152671755725,0,0,0,0,0,86.31333333333333,79.84285714285714,90.93333333333334,83.17777777777778,0,90.41081081081082,79.76666666666667,0,0,0,0,0,1373.9333333333334,2727.714285714286,2209.125,2415.4814814814813,0,2125.675675675676,2469.1666666666665,0,0,0,0,0,-0.6083333333333333,0.9728571428571429,-0.28125,0.3711111111111111,0,-1.1027027027027028,1.1316666666666666,0,0,0,0,0,0.14766666666666667,-0.7057142857142857,0.98,0.13592592592592592,0,0.5548648648648649,0.315,0,0,0,0,0,4,Balanced Arsenal
500779,"Quintana, Jose",17.17171717171717,20.2020202020202,24.242424242424242,0,0,30.303030303030305,0,8.080808080808081,0,0,0,0,85.87058823529412,77.43,90.32916666666667,0,0,90.31666666666666,0,78.0875,0,0,0,0,1311,2237.85,2037.7916666666667,0,0,2008.9333333333334,0,2298.625,0,0,0,0,1,-0.742,0.17041666666666666,0,0,0.966,0,-1.1275,0,0,0,0,0.4547058823529412,-0.615,1.3291666666666666,0,0,1.0473333333333334,0,-0.0925,0,0,0,0,4,Balanced Arsenal
502043,"Gibson, Kyle",15.789473684210526,9.868421052631579,13.157894736842104,0,18.421052631578945,19.736842105263158,23.026315789473685,0,0,0,0,0,84.62916666666666,78.36,91.11,0,89.33571428571429,91.22666666666666,80.46857142857142,0,0,0,0,0,1742.3333333333333,2197.5333333333333,2231.3,0,2319.785714285714,2005.0666666666666,2383.6857142857143,0,0,0,0,0,-1.11875,0.5353333333333333,-0.3145,0,0.15035714285714286,-1.1056666666666666,1.0357142857142858,0,0,0,0,0,0.42375,-0.7586666666666667,1.349,0,0.8992857142857142,0.6303333333333333,-0.12428571428571428,0,0,0,0,0,4,Balanced Arsenal
502624,"Anderson, Chase",20.754716981132077,0,20.754716981132077,0,49.056603773584904,0,9.433962264150944,0,0,0,0,0,84.07272727272728,0,92.25454545454545,0,89,0,81.62,0,0,0,0,0,2289.909090909091,0,2209,0,2414.4615384615386,0,2447.2,0,0,0,0,0,-1.4190909090909092,0,-0.639090909090909,0,0.32346153846153847,0,1.192,0,0,0,0,0,1.2145454545454546,0,1.3818181818181818,0,0.7711538461538462,0,-0.01399999999999999,0,0,0,0,0,4,Balanced Arsenal
506433,"Darvish, Yu",1.4285714285714286,0,17.142857142857142,42.857142857142854,8.571428571428571,17.142857142857142,4.285714285714286,0,2.857142857142857,5.714285714285714,0,0,88.8,0,94.525,86.17666666666666,90.61666666666666,93.03333333333333,83.36666666666667,0,86.1,79.375,0,0,1421,0,2189.4166666666665,2646.7,2352.6666666666665,2049.3333333333335,2663,0,1254,2596.5,0,0,-0.65,0,-0.5516666666666666,0.484,0.060000000000000005,-1.1425,1.2666666666666666,0,-0.54,0.6775,0,0,0.19,0,1.2833333333333332,-0.05233333333333333,0.84,0.5466666666666666,-0.03333333333333335,0,0.15000000000000002,-0.965,0,0,3,Power Fastball Pitchers
519043,"Moore, Matt",28.57142857142857,0,44.44444444444444,0,0,0,0,0,0,26.984126984126984,0,0,83.81111111111112,0,92.98571428571428,0,0,0,0,0,0,82.38235294117646,0,0,2011.7222222222222,0,2265.035714285714,0,0,0,0,0,0,2275.0588235294117,0,0,1.3894444444444445,0,0.7967857142857143,0,0,0,0,0,0,-0.43058823529411766,0,0,0.8333333333333334,0,1.5157142857142858,0,0,0,0,0,0,-0.9923529411764705,0,0,4,Balanced Arsenal
519242,"Sale, Chris",5.263157894736842,0,31.57894736842105,51.578947368421055,0,11.578947368421053,0,0,0,0,0,0,85.7,0,94.53,77.85306122448979,0,93.91818181818182,0,0,0,0,0,0,1778.8,0,2252.133333333333,2361.0408163265306,0,2071.4545454545455,0,0,0,0,0,0,1.254,0,1.1673333333333333,-0.963469387755102,0,1.4554545454545453,0,0,0,0,0,0,0.032,0,0.9516666666666667,-0.3757142857142857,0,0.31363636363636366,0,0,0,0,0,0,4,Balanced Arsenal
527048,"Pérez, Martín",29.629629629629626,6.172839506172839,0,0,20.98765432098765,43.20987654320987,0,0,0,0,0,0,83.8375,79.68,0,0,88.37647058823529,91.23714285714286,0,0,0,0,0,0,1627.4583333333333,2441.6,0,0,2206.294117647059,2008.5714285714287,0,0,0,0,0,0,1.1658333333333333,-0.212,0,0,0.07,1.3062857142857143,0,0,0,0,0,0,0.8020833333333334,-0.198,0,0,1.1458823529411766,0.9831428571428571,0,0,0,0,0,0,1,Sinker-Slider Specialists
542881,"Anderson, Tyler",31.097560975609756,0,40.853658536585364,1.8292682926829267,20.121951219512198,6.097560975609756,0,0,0,0,0,0,79.11372549019607,0,89.60149253731343,81.13333333333333,83.84545454545454,88.83,0,0,0,0,0,0,1894.3725490196077,0,2192.1641791044776,2471.3333333333335,2318.242424242424,2187.4,0,0,0,0,0,0,1.0198039215686274,0,0.3940298507462687,-0.33666666666666667,-0.21393939393939393,1.458,0,0,0,0,0,0,1.0601960784313726,0,1.6376119402985074,0.12333333333333334,0.8081818181818181,0.757,0,0,0,0,0,0,4,Balanced Arsenal
543135,"Eovaldi, Nathan",0,15.463917525773196,47.42268041237113,4.123711340206185,10.309278350515463,0,0,0,22.68041237113402,0,0,0,0,76.35333333333334,94.70217391304348,85.3,91.36,0,0,0,88.4090909090909,0,0,0,0,1957.3333333333333,2220.6304347826085,2102.75,2271.1,0,0,0,1693,0,0,0,0,0.6613333333333333,-1.182608695652174,0.4375,-0.011999999999999997,0,0,0,-1.2077272727272728,0,0,0,0,-0.662,1.0393478260869566,0.14250000000000002,0.79,0,0,0,0.1668181818181818,0,0,0,3,Power Fastball Pitchers
543243,"Gray, Sonny",4.3478260869565215,18.478260869565215,26.08695652173913,0,20.652173913043477,14.130434782608695,16.304347826086957,0,0,0,0,0,89.45,79.97058823529412,92.6125,0,88.42105263157895,93.53076923076922,85.14,0,0,0,0,0,1742.75,2855.8823529411766,2592.1666666666665,0,2776.0526315789475,2524.846153846154,2758.133333333333,0,0,0,0,0,-1.0675,1.2882352941176471,0.08083333333333334,0,0.4921052631578947,-1.1376923076923078,1.2946666666666666,0,0,0,0,0,0.465,-1.3058823529411765,1.315,0,0.3057894736842105,0.7915384615384615,-0.27466666666666667,0,0,0,0,0,4,Balanced Arsenal
543518,"McGough, Scott",0,0,42.62295081967213,19.672131147540984,0,3.278688524590164,0,0,34.42622950819672,0,0,0,0,0,93.42692307692307,88.05833333333334,0,94.9,0,0,85.18095238095238,0,0,0,0,0,2382.6153846153848,2660,0,2419,0,0,1177.1904761904761,0,0,0,0,0,-0.6419230769230769,0.4691666666666667,0,-1.26,0,0,-0.4966666666666667,0,0,0,0,0,1.5826923076923076,0.4066666666666667,0,1.2650000000000001,0,0,0.6538095238095238,0,0,0,3,Power Fastball Pitchers
544150,"Suárez, Albert",18.072289156626507,1.2048192771084338,61.44578313253012,0,19.27710843373494,0,0,0,0,0,0,0,85.93333333333334,79.6,95.35490196078432,0,87.25625,0,0,0,0,0,0,0,1975.8666666666666,2561,2376.7254901960782,0,2234.0625,0,0,0,0,0,0,0,-1.2946666666666666,0.86,-0.831764705882353,0,0.15,0,0,0,0,0,0,0,0.6553333333333333,-0.63,1.394313725490196,0,0.851875,0,0,0,0,0,0,0,4,Balanced Arsenal
547179,"Lorenzen, Michael",20,1,28.999999999999996,27,2,18,3,0,0,0,0,0,84.97,82.5,93.89655172413794,86.05925925925926,92.3,93.64444444444445,81.36666666666666,0,0,0,0,0,2001.9,2530,2385.7586206896553,2661.962962962963,2534,2283.4444444444443,2578.6666666666665,0,0,0,0,0,-1.311,0.27,-0.8282758620689655,0.26814814814814814,-0.07500000000000001,-1.3316666666666666,1.1366666666666667,0,0,0,0,0,0.8180000000000001,-1.12,1.3679310344827587,-0.1162962962962963,0.785,0.9027777777777778,-0.10666666666666666,0,0,0,0,0,4,Balanced Arsenal
548389,"Stripling, Ross",14.432989690721648,0,42.2680412371134,24.742268041237114,0,14.432989690721648,0,0,0,4.123711340206185,0,0,82.45714285714286,0,91.87560975609756,84.75416666666666,0,91.12857142857143,0,0,0,74.225,0,0,1672.642857142857,0,2154.170731707317,2345.5416666666665,0,2056.214285714286,0,0,0,2400,0,0,-0.6742857142857143,0,-0.3070731707317073,0.24541666666666667,0,-1.2607142857142857,0,0,0,0.6675,0,0,1.0507142857142857,0,1.5321951219512195,0.19375,0,0.9378571428571428,0,0,0,-1.1275,0,0,4,Balanced Arsenal
554430,"Wheeler, Zack",0,9.70873786407767,32.038834951456316,0,14.563106796116504,23.300970873786408,8.737864077669903,0,11.650485436893204,0,0,0,0,81.83,94.51212121212122,0,90.78666666666666,94.00416666666666,84.52222222222223,0,85.375,0,0,0,0,2632.5,2386.030303030303,0,2470.2,2217.125,2573.3333333333335,0,1576,0,0,0,0,0.47000000000000003,-0.9709090909090909,0,-0.008,-1.5470833333333334,0.5755555555555556,0,-1.1408333333333334,0,0,0,0,-0.593,1.2975757575757576,0,0.8713333333333333,0.6174999999999999,0.4066666666666667,0,0.42583333333333334,0,0,0,3,Power Fastball Pitchers
570632,"Ureña, José",21.818181818181817,0,5.454545454545454,34.54545454545455,0,38.18181818181819,0,0,0,0,0,0,88.60833333333333,0,96.63333333333334,85.8,0,95.54285714285714,0,0,0,0,0,0,1774.8333333333333,0,2155.6666666666665,2344.9473684210525,0,2194.3809523809523,0,0,0,0,0,0,-1.2091666666666667,0,-0.9766666666666667,0.12789473684210526,0,-1.4461904761904762,0,0,0,0,0,0,0.865,0,1.1933333333333334,0.6547368421052632,0,0.6171428571428571,0,0,0,0,0,0,4,Balanced Arsenal
571578,"Corbin, Patrick",16.129032258064516,0,11.827956989247312,32.25806451612903,13.978494623655912,25.806451612903224,0,0,0,0,0,0,80.75333333333333,0,90.85454545454546,80.98666666666666,84.31538461538462,91.13333333333333,0,0,0,0,0,0,1569.4666666666667,0,2151.818181818182,2225.366666666667,2266.076923076923,2071.75,0,0,0,0,0,0,1.1913333333333334,0,0.7427272727272728,-0.27266666666666667,-0.2846153846153846,1.1841666666666666,0,0,0,0,0,0,0.7713333333333333,0,1.1045454545454545,0.04466666666666666,0.2630769230769231,0.9520833333333333,0,0,0,0,0,0,4,Balanced Arsenal
571760,"Heaney, Andrew",18.9873417721519,0,46.835443037974684,34.177215189873415,0,0,0,0,0,0,0,0,83.85333333333334,0,91.10810810810811,81.46296296296296,0,0,0,0,0,0,0,0,2078,0,2397.6216216216217,2544.296296296296,0,0,0,0,0,0,0,0,1.4113333333333333,0,1.2367567567567568,-0.25037037037037035,0,0,0,0,0,0,0,0,0.436,0,1.1264864864864865,-0.06037037037037037,0,0,0,0,0,0,0,0,4,Balanced Arsenal
571882,"Law, Derek",3.3333333333333335,3.3333333333333335,5,45,40,3.3333333333333335,0,0,0,0,0,0,86.75,79.25,94.43333333333334,86.83703703703704,90.83333333333333,93.3,0,0,0,0,0,0,1756.5,2261.5,2106.3333333333335,2299.6666666666665,2272.75,2210,0,0,0,0,0,0,-1.445,0.06500000000000002,-0.3233333333333333,0.25037037037037035,0.16125,-1.21,0,0,0,0,0,0,0.28,-0.8300000000000001,1.5233333333333334,0.08111111111111112,0.8020833333333334,1.2,0,0,0,0,0,0,4,Balanced Arsenal
571927,"Matz, Steven",30.136986301369863,5.47945205479452,1.36986301369863,4.10958904109589,0,58.9041095890411,0,0,0,0,0,0,81.5909090909091,74.875,90.2,85.86666666666666,0,91.21162790697674,0,0,0,0,0,0,2277.3636363636365,2144.25,2000,2086.6666666666665,0,2136.9302325581393,0,0,0,0,0,0,1.310909090909091,-1.13,1.27,0.10333333333333333,0,1.2523255813953489,0,0,0,0,0,0,0.11363636363636365,-0.45,0.89,0.41666666666666663,0,1.0262790697674418,0,0,0,0,0,0,4,Balanced Arsenal
571945,"Mikolas, Miles",5.88235294117647,11.76470588235294,23.52941176470588,18.823529411764707,0,30.58823529411765,9.411764705882353,0,0,0,0,0,86.12,75.59,92.86,84.575,0,92.28076923076924,79.9125,0,0,0,0,0,1706.2,2569.2,2252.6,2387.8125,0,2130.9615384615386,2313.75,0,0,0,0,0,-1.22,0.877,-0.405,0.28875,0,-1.1792307692307693,1.045,0,0,0,0,0,0.66,-1.428,1.354,-0.06,0,1.0292307692307692,0.028750000000000008,0,0,0,0,0,4,Balanced Arsenal
572020,"Paxton, James",4.166666666666666,0,60.416666666666664,0,3.125,2.083333333333333,0,0,0,30.208333333333332,0,0,83.85,0,93.82068965517242,0,83.5,91.35,0,0,0,80.81379310344828,0,0,1851.75,0,2135.344827586207,0,1961.6666666666667,2071.5,0,0,0,1911.1724137931035,0,0,1.1825,0,0.8651724137931035,0,-0.14666666666666667,1.025,0,0,0,-0.02379310344827586,0,0,0.8250000000000001,0,1.286551724137931,0,0.3233333333333333,1.21,0,0,0,-0.3196551724137931,0,0,4,Balanced Arsenal
572143,"Smith, Burch",0,32,52,0,16,0,0,0,0,0,0,0,0,78.76875,93.88846153846154,0,87.4875,0,0,0,0,0,0,0,0,2390.875,2252.6923076923076,0,2330.25,0,0,0,0,0,0,0,0,0.9525,-0.3953846153846154,0,0.37375,0,0,0,0,0,0,0,0,-1.20625,1.5253846153846153,0,0.56,0,0,0,0,0,0,0,3,Power Fastball Pitchers
573186,"Stroman, Marcus",0,0,0,29.545454545454547,19.318181818181817,39.77272727272727,0,3.4090909090909087,7.954545454545454,0,0,0,0,0,0,86.00384615384615,88.70588235294117,90.34857142857143,0,82.93333333333334,83.28571428571429,0,0,0,0,0,0,2700.1153846153848,2569.3529411764707,2237.5142857142855,0,2723.3333333333335,1819.2857142857142,0,0,0,0,0,0,0.27884615384615385,-0.05,-0.95,0,1.2433333333333334,-1.1757142857142857,0,0,0,0,0,0,-0.15115384615384617,0.5535294117647059,0.18314285714285714,0,-0.24000000000000002,0.37857142857142856,0,0,0,1,Sinker-Slider Specialists
579328,"Kikuchi, Yusei",3.296703296703297,32.967032967032964,45.05494505494506,18.681318681318682,0,0,0,0,0,0,0,0,86.33333333333333,83.07666666666667,96.08536585365853,90.68823529411765,0,0,0,0,0,0,0,0,1556.3333333333333,2476.0333333333333,2302.3658536585367,2434.1176470588234,0,0,0,0,0,0,0,0,1.1099999999999999,-0.4216666666666667,0.5453658536585366,-0.20470588235294118,0,0,0,0,0,0,0,0,0.84,-0.37,1.4602439024390244,0.36411764705882355,0,0,0,0,0,0,0,0,4,Balanced Arsenal
592155,"Booser, Cam",0,0,23.076923076923077,0,38.46153846153847,0,38.46153846153847,0,0,0,0,0,0,0,95.05,0,86.625,0,81.32,0,0,0,0,0,0,0,2069.5833333333335,0,1943.55,0,1913,0,0,0,0,0,0,0,0.6558333333333334,0,-0.1935,0,-1.1135,0,0,0,0,0,0,0,1.46,0,0.3315,0,-0.2895,0,0,0,0,0,3,Power Fastball Pitchers
592332,"Gausman, Kevin",0,0,60.215053763440864,3.225806451612903,0,3.225806451612903,0,0,33.33333333333333,0,0,0,0,0,93.41607142857143,82.23333333333333,0,92.8,0,0,83.95806451612903,0,0,0,0,0,2275.714285714286,2138,0,2217,0,0,1742.4516129032259,0,0,0,0,0,-0.8739285714285714,0.24000000000000002,0,-1.1366666666666667,0,0,-1.293548387096774,0,0,0,0,0,1.5066071428571428,0.45999999999999996,0,1.1266666666666667,0,0,0.5680645161290323,0,0,0,3,Power Fastball Pitchers
592351,"Gray, Jon",12.738853503184714,2.547770700636943,33.12101910828025,51.59235668789809,0,0,0,0,0,0,0,0,89.00999999999999,80.375,94.92115384615384,89.15555555555555,0,0,0,0,0,0,0,0,1516.8,2423.5,2059.576923076923,2280.074074074074,0,0,0,0,0,0,0,0,-1.197,0.6175,-0.8921153846153846,0.1262962962962963,0,0,0,0,0,0,0,0,0.5165,-0.24,1.1190384615384614,0.48012345679012347,0,0,0,0,0,0,0,0,4,Balanced Arsenal
592773,"Stanek, Ryne",0,0,73.01587301587301,20.634920634920633,0,0,0,0,6.349206349206349,0,0,0,0,0,98.46739130434783,88.61538461538461,0,0,0,0,89.95,0,0,0,0,0,2306.695652173913,2545.923076923077,0,0,0,0,973.75,0,0,0,0,0,-0.7254347826086956,0.23384615384615384,0,0,0,0,-1.0025,0,0,0,0,0,1.5554347826086956,-0.1392307692307692,0,0,0,0,0.2525,0,0,0,3,Power Fastball Pitchers
592791,"Taillon, Jameson",0,20.149253731343283,28.35820895522388,0,24.62686567164179,6.7164179104477615,20.149253731343283,0,0,0,0,0,0,79.33703703703704,92.51578947368421,0,86.33939393939394,92.91111111111111,80.12592592592593,0,0,0,0,0,0,2668.740740740741,2285.9210526315787,0,2546.6363636363635,2260.5555555555557,2707.3703703703704,0,0,0,0,0,0,0.8925925925925926,-0.5321052631578947,0,0.5433333333333333,-1.1033333333333333,1.4718518518518517,0,0,0,0,0,0,-1.0140740740740741,1.4205263157894736,0,0.6951515151515152,1.181111111111111,0.09148148148148148,0,0,0,0,0,3,Power Fastball Pitchers
592836,"Walker, Taijuan",0,5.555555555555555,11.11111111111111,0,18.88888888888889,31.11111111111111,18.88888888888889,0,14.444444444444443,0,0,0,0,75.92,91.87,0,87.75882352941177,91.61428571428571,85,0,86.3923076923077,0,0,0,0,2317.8,2067.9,0,2295.8823529411766,1934.5714285714287,2486.823529411765,0,1310.8461538461538,0,0,0,0,0.49,-0.8170000000000001,0,0.038823529411764715,-1.2667857142857142,0.54,0,-0.8092307692307692,0,0,0,0,-0.696,1.353,0,1.2429411764705882,1.0207142857142857,0.558235294117647,0,0.19076923076923077,0,0,0,3,Power Fastball Pitchers
592866,"Williams, Trevor",35,0,33.75,16.25,0,5,10,0,0,0,0,0,82.98928571428571,0,89.04444444444445,81.35384615384615,0,87.325,77.4,0,0,0,0,0,1656.6785714285713,0,2168.222222222222,2178.6923076923076,0,1922.5,2199.375,0,0,0,0,0,-1.5810714285714287,0,-0.518888888888889,0.5184615384615384,0,-1.4775,0.9750000000000001,0,0,0,0,0,0.29000000000000004,0,1.0062962962962962,0.43923076923076926,0,0.31,0.735,0,0,0,0,0,4,Balanced Arsenal
593576,"Neris, Héctor",0,0,23.52941176470588,0,0,19.607843137254903,0,0,56.86274509803921,0,0,0,0,0,92.9,0,0,93.25,0,0,83.16896551724138,0,0,0,0,0,2389.0833333333335,0,0,2306.3,0,0,1218.655172413793,0,0,0,0,0,-0.67,0,0,-1.258,0,0,-0.6551724137931034,0,0,0,0,0,1.4791666666666667,0,0,1.108,0,0,0.08413793103448276,0,0,0,3,Power Fastball Pitchers
594902,"Lively, Ben",6.8181818181818175,12.5,12.5,2.272727272727273,0,51.13636363636363,14.772727272727273,0,0,0,0,0,83.63333333333333,77.31818181818181,89.69090909090909,81.2,0,89.92,78.70769230769231,0,0,0,0,0,1736.6666666666667,2047.1818181818182,2048.3636363636365,2103,0,1969.9555555555555,2063.076923076923,0,0,0,0,0,-1.575,1.0781818181818181,-0.7763636363636364,0.595,0,-1.1331111111111112,1.0192307692307692,0,0,0,0,0,0.8416666666666667,-0.34545454545454546,1.2845454545454544,0.635,0,1.0764444444444445,0.3107692307692308,0,0,0,0,0,4,Balanced Arsenal
596133,"Weaver, Luke",15.686274509803921,0,45.09803921568628,0,39.21568627450981,0,0,0,0,0,0,0,89.475,0,95.8913043478261,0,91.94,0,0,0,0,0,0,0,1851.375,0,2468.8260869565215,0,2513.7,0,0,0,0,0,0,0,-1.1475,0,-0.5904347826086956,0,0.1845,0,0,0,0,0,0,0,0.21875,0,1.4639130434782608,0,1.177,0,0,0,0,0,0,0,4,Balanced Arsenal
596295,"Gomber, Austin",27.848101265822784,0,34.177215189873415,12.658227848101266,0,0,0,0,0,25.31645569620253,0,0,80.93181818181819,0,91.35555555555555,83.37,0,0,0,0,0,76.65,0,0,1703.6818181818182,0,2162.4074074074074,2422.7,0,0,0,0,0,2593.2,0,0,0.6445454545454545,0,0.49777777777777776,-0.339,0,0,0,0,0,-0.425,0,0,0.5881818181818181,0,1.0862962962962963,0.06,0,0,0,0,0,-0.996,0,0,4,Balanced Arsenal
600986,"Vieira, Thyago",0,0,7.462686567164178,40.298507462686565,0,52.23880597014925,0,0,0,0,0,0,0,0,99.64,89.23703703703704,0,96.71714285714286,0,0,0,0,0,0,0,0,2370.6,2284.962962962963,0,2236.8571428571427,0,0,0,0,0,0,0,0,-0.85,0.08259259259259259,0,-1.1857142857142857,0,0,0,0,0,0,0,0,1.526,0.3462962962962963,0,1.162,0,0,0,0,0,0,4,Balanced Arsenal
605135,"Bassitt, Chris",0,9.090909090909092,6.493506493506493,5.194805194805195,20.77922077922078,40.25974025974026,7.792207792207792,0,10.38961038961039,0,0,0,0,69.88571428571429,91.78,83.375,89.4875,92.20645161290322,73.55,0,84.15,0,0,0,0,2244,2187.2,2381.5,2168.1875,2097.8709677419356,2258,0,1630,0,0,0,0,1.197142857142857,-0.6639999999999999,0.51,-0.0125,-1.4035483870967742,1.45,0,-1.305,0,0,0,0,-1.1928571428571428,1.1199999999999999,-0.1275,0.853125,0.8087096774193548,-0.013333333333333327,0,0.3525,0,0,0,3,Power Fastball Pitchers
605154,"Brebbia, John",0,0,34,66,0,0,0,0,0,0,0,0,0,0,93.16470588235293,81.57575757575758,0,0,0,0,0,0,0,0,0,0,2319,2679.848484848485,0,0,0,0,0,0,0,0,0,0,-0.8205882352941176,0.8933333333333333,0,0,0,0,0,0,0,0,0,0,1.5276470588235294,-0.09757575757575755,0,0,0,0,0,0,0,0,4,Balanced Arsenal
605155,"Brewer, Colten",0,21.25,40,30,5,1.25,2.5,0,0,0,0,0,0,80.72941176470589,93.659375,85.8875,91.05,92.9,82.3,0,0,0,0,0,0,2828,2225.40625,2520.5833333333335,2402.5,2225,2629,0,0,0,0,0,0,1.2147058823529413,-0.3071875,0.4008333333333333,0.325,-1.27,0.9,0,0,0,0,0,0,-1.4305882352941177,1.0934375,0.17375000000000002,0.5775,0.72,0.11499999999999999,0,0,0,0,0,3,Power Fastball Pitchers
605288,"Houser, Adrian",6.741573033707865,8.98876404494382,14.606741573033707,19.101123595505616,0,50.56179775280899,0,0,0,0,0,0,82.55,77.5,91.51538461538462,81.48823529411764,0,91.35777777777778,0,0,0,0,0,0,1379.8333333333333,1893.625,2037.076923076923,2049.9411764705883,0,1955.5111111111112,0,0,0,0,0,0,-1.2183333333333333,0.7925,-0.7061538461538461,0.4758823529411765,0,-1.4077777777777778,0,0,0,0,0,0,0.05166666666666667,-1.01625,1.3184615384615384,0.06294117647058824,0,0.7011111111111111,0,0,0,0,0,0,4,Balanced Arsenal
605397,"Musgrove, Joe",13.333333333333334,13.333333333333334,27.77777777777778,0,12.222222222222221,5.555555555555555,27.77777777777778,0,0,0,0,0,87.05833333333334,80.06666666666666,92.468,0,90.50909090909092,92.18,81.604,0,0,0,0,0,2032.1666666666667,2741.0833333333335,2618.88,0,2624.6363636363635,2468.4,2822.28,0,0,0,0,0,-1.4066666666666667,0.8875,-0.5464,0,0.017272727272727273,-0.724,1.4264,0,0,0,0,0,0.21333333333333335,-1.3366666666666667,1.282,0,1.0618181818181818,0.442,-0.5144,0,0,0,0,0,4,Balanced Arsenal
605400,"Nola, Aaron",13.20754716981132,0,17.92452830188679,0,9.433962264150944,31.132075471698112,0,0,0,28.30188679245283,0,0,85.85714285714286,0,91.83157894736843,0,87.28,91.02424242424243,0,0,0,79.18333333333334,0,0,1519.7142857142858,0,2229.4210526315787,0,2237.3,2165.242424242424,0,0,0,2543.3333333333335,0,0,-1.44,0,-1.0978947368421053,0,-0.125,-1.533939393939394,0,0,0,1.103,0,0,0.30785714285714283,0,1.2073684210526316,0,0.738,0.6775757575757576,0,0,0,-0.936,0,0,4,Balanced Arsenal
605452,"Ross, Joe",13.131313131313133,1.0101010101010102,29.292929292929294,28.28282828282828,0,28.28282828282828,0,0,0,0,0,0,90.16153846153846,82.5,94.18620689655172,86.81071428571428,0,94.93571428571428,0,0,0,0,0,0,1678.1538461538462,2188,2166.2758620689656,2009.607142857143,0,2194.5,0,0,0,0,0,0,-1.386923076923077,0.32,-0.42931034482758623,0.26785714285714285,0,-1.2028571428571428,0,0,0,0,0,0,0.4907692307692308,-0.42,1.1951724137931035,0.3003571428571429,0,0.7664285714285715,0,0,0,0,0,0,4,Balanced Arsenal
605513,"Turnbull, Spencer",7.792207792207792,11.03896103896104,35.714285714285715,12.337662337662337,0,10.38961038961039,22.727272727272727,0,0,0,0,0,86.89999999999999,79.5,91.86545454545454,84.29473684210527,0,92.58125,83.90285714285714,0,0,0,0,0,1905.0833333333333,2742.8823529411766,2473.3454545454547,2675.7894736842104,0,2241.5625,2679.714285714286,0,0,0,0,0,-1.5883333333333334,1.0505882352941176,-0.09509090909090907,0.7152631578947368,0,-1.210625,0.9794285714285714,0,0,0,0,0,-0.004999999999999996,-1.2,0.8961818181818182,0.43,0,0.5475,0.6542857142857142,0,0,0,0,0,4,Balanced Arsenal
606160,"Montero, Rafael",26.785714285714285,0,51.78571428571429,5.357142857142857,0,16.071428571428573,0,0,0,0,0,0,90.57333333333334,0,95.04482758620689,86.3,0,94.52222222222223,0,0,0,0,0,0,2030,0,2376.137931034483,2348.3333333333335,0,2225,0,0,0,0,0,0,-1.3546666666666667,0,-0.8579310344827586,0.66,0,-1.2722222222222221,0,0,0,0,0,0,0.4046666666666667,0,1.3379310344827586,0.12333333333333335,0,0.5744444444444444,0,0,0,0,0,0,4,Balanced Arsenal
606930,"Barnes, Jacob",0,0,49.2063492063492,1.5873015873015872,49.2063492063492,0,0,0,0,0,0,0,0,0,95.01290322580645,81.3,89.2,0,0,0,0,0,0,0,0,0,2491.7096774193546,2120,2404.0967741935483,0,0,0,0,0,0,0,0,0,-0.17709677419354838,0.49,0.4567741935483871,0,0,0,0,0,0,0,0,0,1.4896774193548388,-0.04,0.6380645161290323,0,0,0,0,0,0,0,3,Power Fastball Pitchers
607067,"Rea, Colin",0,6.976744186046512,15.11627906976744,0,26.744186046511626,27.906976744186046,15.11627906976744,0,8.13953488372093,0,0,0,0,78.63333333333333,93.53076923076922,0,87.9304347826087,92.97083333333333,81.5923076923077,0,86.64285714285714,0,0,0,0,2145.3333333333335,2234.4615384615386,0,2238.1304347826085,2201,2230.6153846153848,0,1484.7142857142858,0,0,0,0,0.8333333333333334,-0.4846153846153846,0,0.19608695652173913,-1.18625,1.2353846153846153,0,-1.25,0,0,0,0,-0.7883333333333333,1.2684615384615385,0,0.59,0.75625,-0.1946153846153846,0,0.38571428571428573,0,0,0,3,Power Fastball Pitchers
607074,"Rodón, Carlos",10.75268817204301,2.1505376344086025,52.68817204301075,26.881720430107524,7.526881720430108,0,0,0,0,0,0,0,84.74,80.5,95.0265306122449,86.784,91.42857142857143,0,0,0,0,0,0,0,1600.9,2702.5,2434.673469387755,2683.68,2428.285714285714,0,0,0,0,0,0,0,1.006,-0.54,0.6887755102040817,-0.5928,0.07714285714285714,0,0,0,0,0,0,0,0.333,-0.88,1.4840816326530613,-0.0828,0.9528571428571428,0,0,0,0,0,0,0,4,Balanced Arsenal
607179,"Weems, Jordan",0,0,54.90196078431373,39.21568627450981,0,0,0,0,5.88235294117647,0,0,0,0,0,95.67142857142858,86.395,0,0,0,0,87.06666666666666,0,0,0,0,0,2074.6428571428573,2149.05,0,0,0,0,1226.3333333333333,0,0,0,0,0,-0.6428571428571429,0.4305,0,0,0,0,-0.8866666666666666,0,0,0,0,0,1.4735714285714285,0.0535,0,0,0,0,0.6666666666666666,0,0,0,3,Power Fastball Pitchers
607192,"Glasnow, Tyler",0,15.789473684210526,69.47368421052632,12.631578947368421,0,2.1052631578947367,0,0,0,0,0,0,0,84.86,96.36060606060606,91.45833333333333,0,97.6,0,0,0,0,0,0,0,2785.866666666667,2569.9848484848485,2714.25,0,2643.5,0,0,0,0,0,0,0,0.13466666666666666,-0.05651515151515151,0.2708333333333333,0,-0.96,0,0,0,0,0,0,0,-0.8326666666666667,1.4548484848484848,0.2975,0,1.35,0,0,0,0,0,0,4,Balanced Arsenal
607200,"Fedde, Erick",6.481481481481481,0,0.9259259259259258,0,22.22222222222222,22.22222222222222,48.148148148148145,0,0,0,0,0,88.07142857142857,0,94,0,89.94583333333334,93.22083333333333,83.06538461538462,0,0,0,0,0,1694.5714285714287,0,2092,0,2126.0416666666665,2000.5833333333333,2330.0384615384614,0,0,0,0,0,-0.71,0,-0.12,0,0.39958333333333335,-0.4925,1.2315384615384615,0,0,0,0,0,0.19285714285714287,0,1.19,0,0.51,0.6604166666666667,0.15596153846153846,0,0,0,0,0,4,Balanced Arsenal
607259,"Martinez, Nick",14.97005988023952,18.562874251497004,14.97005988023952,11.377245508982035,19.16167664670659,20.958083832335326,0,0,0,0,0,0,79.104,80.82903225806452,92.248,84.63684210526316,87.93125,91.58857142857143,0,0,0,0,0,0,2212.68,2609.516129032258,2394,2442.842105263158,2397.03125,2374.4857142857145,0,0,0,0,0,0,-1.2768,-0.01064516129032258,-0.3884,0.11473684210526316,0.22625,-1.1171428571428572,0,0,0,0,0,0,0.6108,-1.2961290322580645,1.5912,0.2189473684210526,0.81625,1.2462857142857142,0,0,0,0,0,0,4,Balanced Arsenal
607625,"Lugo, Seth",3.8834951456310676,15.53398058252427,23.300970873786408,5.825242718446602,4.854368932038835,21.35922330097087,10.679611650485436,9.70873786407767,4.854368932038835,0,0,0,87.45,79.0625,92.19583333333333,86.73333333333333,91.32,92.62272727272727,82.7,78.19,85.62,0,0,0,1698.75,3317.1875,2332.1666666666665,2622.1666666666665,2401.2,2395.909090909091,2727.2727272727275,3152,1288,0,0,0,-1.495,1.3131249999999999,-0.6208333333333333,0.22166666666666668,-0.11800000000000001,-1.4422727272727274,1.0045454545454546,1.519,-1.056,0,0,0,0.535,-1.39875,1.4525000000000001,0.405,0.998,0.8309090909090909,0.4709090909090909,-0.756,0.602,0,0,0,3,Power Fastball Pitchers
608331,"Fried, Max",13,23,47,4,6,7.000000000000001,0,0,0,0,0,0,86.1923076923077,73.62608695652175,93.36808510638298,85.55,89.35,93.35714285714286,0,0,0,0,0,0,1475.5384615384614,2712.7391304347825,2166.2340425531916,2487.75,2229.1666666666665,2037.5714285714287,0,0,0,0,0,0,1.1323076923076922,-0.9586956521739131,-0.13425531914893618,-0.16,-0.30166666666666664,0.8542857142857143,0,0,0,0,0,0,0.3576923076923077,-1.4860869565217392,0.8770212765957447,-0.3825,0.36333333333333334,0.6985714285714286,0,0,0,0,0,0,4,Balanced Arsenal
608334,"Fulmer, Carson",34.92063492063492,7.936507936507936,0,14.285714285714285,0,42.857142857142854,0,0,0,0,0,0,87.41818181818182,82.6,0,88.07777777777778,0,92.35185185185185,0,0,0,0,0,0,1409.909090909091,2615.6,0,2477,0,2252.4444444444443,0,0,0,0,0,0,-1.240909090909091,0.48200000000000004,0,0.32666666666666666,0,-1.2540740740740741,0,0,0,0,0,0,0.3318181818181818,-0.518,0,0.48666666666666664,0,0.8525925925925926,0,0,0,0,0,0,1,Sinker-Slider Specialists
608344,"Irvin, Cole",13.48314606741573,24.719101123595504,33.70786516853933,1.1235955056179776,16.853932584269664,10.112359550561797,0,0,0,0,0,0,85.275,77.64090909090909,91.93333333333334,78.4,87.28666666666666,91.63333333333333,0,0,0,0,0,0,1540.8333333333333,2146,2032.8666666666666,2238,2048.733333333333,1989.5555555555557,0,0,0,0,0,0,1.3991666666666667,-1.163181818181818,1.1873333333333334,-0.44,0.098,1.3377777777777777,0,0,0,0,0,0,0.6791666666666667,-0.3477272727272727,1.3173333333333332,-0.31,0.64,0.8533333333333334,0,0,0,0,0,0,4,Balanced Arsenal
608379,"Wacha, Michael",40.65934065934066,15.384615384615385,27.472527472527474,0,8.791208791208792,7.6923076923076925,0,0,0,0,0,0,80.33783783783784,74.12857142857143,93.048,0,87.9625,92.97142857142858,0,0,0,0,0,0,1489.7567567567567,2208.785714285714,2101,0,2084.875,1969.2857142857142,0,0,0,0,0,0,-1.0802702702702702,0.9414285714285714,-0.5348,0,-0.022500000000000006,-1.0514285714285714,0,0,0,0,0,0,0.27702702702702703,-0.9257142857142857,1.3928,0,0.9425,1.13,0,0,0,0,0,0,4,Balanced Arsenal
608678,"Leone, Dominic",33.33333333333333,0,7.017543859649122,22.807017543859647,24.561403508771928,5.263157894736842,7.017543859649122,0,0,0,0,0,90.56842105263158,0,94.25,84.63076923076923,90.89285714285714,93.93333333333334,85.35,0,0,0,0,0,1668,0,2336.25,2484.6923076923076,2507.785714285714,2123,2565.25,0,0,0,0,0,-0.8031578947368421,0,-0.36,0.3823076923076923,0.3157142857142857,-1.0466666666666666,0.6475,0,0,0,0,0,0.13,0,1.2349999999999999,-0.22846153846153847,0.6014285714285714,0.48666666666666664,0.595,0,0,0,0,0,4,Balanced Arsenal
615698,"Quantrill, Cal",1.0526315789473684,3.1578947368421053,33.68421052631579,0,15.789473684210526,0,0,0,46.31578947368421,0,0,0,89.3,79.96666666666667,94.4625,0,87.20666666666666,0,0,0,86.63181818181818,0,0,0,1593,2549.6666666666665,2215.9375,0,2350.866666666667,0,0,0,1010.25,0,0,0,-0.92,0.19666666666666668,-0.92875,0,0.26133333333333336,0,0,0,-0.5840909090909091,0,0,0,0.73,-0.27999999999999997,0.8403125,0,0.252,0,0,0,0.18022727272727274,0,0,0,3,Power Fastball Pitchers
621107,"Eflin, Zach",1.1111111111111112,26.666666666666668,4.444444444444445,0,15.555555555555555,43.333333333333336,8.88888888888889,0,0,0,0,0,85.6,78.44583333333334,91.2,0,87.17142857142858,90.8025641025641,79.1125,0,0,0,0,0,1727,2459.8333333333335,2169.5,0,2198.9285714285716,2058.5641025641025,2437.125,0,0,0,0,0,-1.5,0.9691666666666666,-0.4275,0,0.13,-1.2407692307692308,1.1775,0,0,0,0,0,0.6,-0.61875,1.0275,0,0.6814285714285714,0.37256410256410255,-0.00874999999999999,0,0,0,0,0,4,Balanced Arsenal
621112,"Blackburn, Paul",17.72151898734177,17.72151898734177,30.37974683544304,0,21.518987341772153,3.79746835443038,8.860759493670885,0,0,0,0,0,85.62857142857143,79.82857142857142,92.1875,0,89.74117647058824,91.66666666666667,82.35714285714286,0,0,0,0,0,1842.142857142857,2626.714285714286,2216.1666666666665,0,2436.470588235294,2037,2660,0,0,0,0,0,-0.9485714285714286,0.7964285714285715,-0.4375,0,0.4364705882352941,-0.9866666666666667,1.2157142857142857,0,0,0,0,0,0.3892857142857143,-1.4285714285714286,1.4204166666666667,0,0.78117647058823525,0.91,-0.42857142857142855,0,0,0,0,0,4,Balanced Arsenal
621244,"Berríos, José",13.836477987421384,0,19.49685534591195,0,3.1446540880503147,31.446540880503143,0,32.075471698113205,0,0,0,0,84.53636363636363,0,92.93870967741935,0,90.38,93.05199999999999,0,82.9235294117647,0,0,0,0,1470.1363636363637,0,2160.3548387096776,0,2132.6,2046.82,0,2261.6470588235293,0,0,0,0,-1.2,0,-0.7093548387096774,0,-0.234,-1.3164,0,1.2156862745098038,0,0,0,0,0.365,0,1.2080645161290322,0,1.028,0.8732,0,-0.38745098039215686,0,0,0,0,4,Balanced Arsenal
622072,"Wood, Alex",22.5130890052356,0,0.5235602094240838,36.64921465968586,0,40.31413612565445,0,0,0,0,0,0,85.10232558139535,0,88,81.66142857142857,0,90.92337662337663,0,0,0,0,0,0,1685.7441860465117,0,1908,2055.9142857142856,0,1954.2337662337663,0,0,0,0,0,0,1.3776744186046512,0,1.34,-0.8742857142857143,0,1.4762337662337663,0,0,0,0,0,0,-0.08930232558139534,0,0.94,-0.21885714285714286,0,0.8624675324675325,0,0,0,0,0,0,4,Balanced Arsenal
622491,"Castillo, Luis",8.292682926829269,0,51.707317073170735,30.73170731707317,0,9.268292682926829,0,0,0,0,0,0,88.48823529411764,0,95.9066037735849,85.8031746031746,0,95.89473684210526,0,0,0,0,0,0,1822.6470588235295,0,2273.4056603773583,2359.5873015873017,0,2120.4210526315787,0,0,0,0,0,0,-1.4294117647058824,0,-1.0702830188679247,0.07507936507936507,0,-1.5626315789473684,0,0,0,0,0,0,-0.06705882352941177,0,1.0923584905660377,0.036984126984126994,0,0.4373684210526316,0,0,0,0,0,0,4,Balanced Arsenal
622663,"Severino, Luis",8.91089108910891,0,35.64356435643564,7.920792079207921,5.9405940594059405,27.722772277227726,13.861386138613863,0,0,0,0,0,86.53333333333333,0,96.21944444444445,87.6125,93.23333333333333,95.66071428571429,86.08571428571429,0,0,0,0,0,1494,0,2232.6666666666665,2442.875,2279.3333333333335,2080.214285714286,2501.3571428571427,0,0,0,0,0,-0.9311111111111111,0,-0.5311111111111111,0.6375,0.17333333333333334,-1.1825,1.0678571428571428,0,0,0,0,0,0.6488888888888888,0,1.3736111111111111,0.18,0.725,1.0175,0.28714285714285714,0,0,0,0,0,4,Balanced Arsenal
623167,"Flexen, Chris",13.88888888888889,15.277777777777779,26.38888888888889,0,38.88888888888889,0,5.555555555555555,0,0,0,0,0,82.25,72.83636363636364,91.26842105263158,0,86.84285714285714,0,80.325,0,0,0,0,0,1373.9,2537.181818181818,2155.3684210526317,0,2366.8571428571427,0,2510.25,0,0,0,0,0,-1.1,0.7827272727272727,-0.08473684210526315,0,0.6710714285714285,0,0.9725,0,0,0,0,0,0.859,-1.2181818181818183,1.625263157894737,0,0.5739285714285715,0,-0.10250000000000001,0,0,0,0,0,4,Balanced Arsenal
623465,"Phillips, Evan",0,0,47.05882352941176,0,5.88235294117647,3.9215686274509802,43.13725490196079,0,0,0,0,0,0,0,96.0625,0,93.76666666666667,95.6,85.56818181818181,0,0,0,0,0,0,0,2388.9583333333335,0,2611.3333333333335,2248,2628.4545454545455,0,0,0,0,0,0,0,-0.92625,0,-0.13333333333333333,-1.4100000000000001,1.2245454545454546,0,0,0,0,0,0,0,1.3229166666666667,0,0.9533333333333334,0.45,0.05454545454545454,0,0,0,0,0,3,Power Fastball Pitchers
624133,"Suárez, Ranger",15.625,20.833333333333336,29.166666666666668,0,10.416666666666668,23.958333333333336,0,0,0,0,0,0,81.32000000000001,74.225,92.51071428571429,0,87.18,91.39565217391305,0,0,0,0,0,0,1219.6666666666667,2192.4,2002.4285714285713,0,2104.2,1749.0434782608695,0,0,0,0,0,0,0.638,-1.305,0.43357142857142855,0,-0.367,1.22,0,0,0,0,0,0,0.32666666666666666,-0.9285,1.0225,0,0.45,0.2926086956521739,0,0,0,0,0,0,4,Balanced Arsenal
625643,"López, Reynaldo",4.37956204379562,10.218978102189782,50.36496350364964,35.03649635036496,0,0,0,0,0,0,0,0,87.2,77.61428571428571,95.31449275362318,84.64791666666666,0,0,0,0,0,0,0,0,1422.3333333333333,2404.785714285714,1945.2463768115942,2319.8125,0,0,0,0,0,0,0,0,-0.8166666666666667,0.5635714285714286,-0.5839130434782609,0.44208333333333333,0,0,0,0,0,0,0,0,1.0583333333333333,-0.6521428571428571,1.3878260869565218,-0.16375,0,0,0,0,0,0,0,0,4,Balanced Arsenal
640455,"Manaea, Sean",26.25,0,1.875,3.125,10.625,45,13.125,0,0,0,0,0,84.80952380952381,0,92.4,84.04,87.12941176470588,91.63194444444444,77.3,0,0,0,0,0,1478.0714285714287,0,1942.3333333333333,1941.6,1989.6470588235295,1970.736111111111,2132.3333333333335,0,0,0,0,0,1.3216666666666668,0,0.8766666666666667,-0.23399999999999999,-0.024117647058823532,1.50125,-1.0557142857142856,0,0,0,0,0,0.4135714285714286,0,1.2033333333333334,0.504,0.6276470588235294,0.9184722222222222,0.24714285714285714,0,0,0,0,0,4,Balanced Arsenal
641154,"López, Pablo",19.54022988505747,8.045977011494253,45.97701149425287,0,0,10.344827586206897,16.091954022988507,0,0,0,0,0,88.69411764705883,84.07142857142857,94.8225,0,0,94.82222222222222,85.00714285714285,0,0,0,0,0,2157.9411764705883,2685,2282.825,0,0,2149.222222222222,2462.6428571428573,0,0,0,0,0,-1.3905882352941177,0.5685714285714286,-0.44975,0,0,-1.1733333333333333,0.8892857142857142,0,0,0,0,0,0.5988235294117648,-0.5542857142857143,1.23175,0,0,0.7388888888888889,0.06928571428571428,0,0,0,0,0,4,Balanced Arsenal
641302,"Alexander, Tyler",19.444444444444446,0,16.666666666666664,0,36.11111111111111,8.333333333333332,19.444444444444446,0,0,0,0,0,81.46666666666667,0,89.5111111111111,0,83.96153846153847,89.23333333333333,76.02380952380952,0,0,0,0,0,1615.2857142857142,0,2348.5,0,2401.769230769231,2188.1111111111113,2507.1428571428573,0,0,0,0,0,1.2380952380952381,0,0.7083333333333334,0,-0.3987179487179487,1.3488888888888888,-1.4938095238095237,0,0,0,0,0,0.5623809523809524,0,1.517777777777778,0,0.4371794871794872,0.9944444444444445,-0.08952380952380953,0,0,0,0,0,4,Balanced Arsenal
641482,"Cortes, Nestor",6.451612903225806,0,51.075268817204304,0.5376344086021506,28.49462365591398,1.0752688172043012,12.365591397849462,0,0,0,0,0,83.06666666666666,0,92.04736842105264,82.9,86.61698113207547,90.6,76.44347826086957,0,0,0,0,0,1414.1666666666667,0,2306.6526315789474,2494,2413.7924528301887,2209.5,2580.3478260869565,0,0,0,0,0,1.2741666666666667,0,0.4483157894736842,-0.45,-0.3754716981132075,1.2,-1.2343478260869565,0,0,0,0,0,0.2675,0,1.617578947368421,0.22,0.6849056603773584,1.0899999999999999,0.21739130434782608,0,0,0,0,0,4,Balanced Arsenal
641540,"Dunning, Dane",10.144927536231885,0,0,21.73913043478261,27.536231884057973,28.985507246376812,0,0,0,11.594202898550725,0,0,86.21428571428571,0,0,81.62,88.75263157894737,90.82,0,0,0,75.775,0,0,1917.857142857143,0,0,2369.4666666666667,2226.4210526315787,2121.2,0,0,0,2259.875,0,0,-1.47,0,0,0.2946666666666667,0.13421052631578947,-1.075,0,0,0,0.89125,0,0,0.4014285714285714,0,0,-0.16,0.8447368421052631,0.595,0,0,0,-1.465,0,0,1,Sinker-Slider Specialists
641712,"Hudson, Dakota",5.47945205479452,10.95890410958904,50.68493150684932,32.87671232876712,0,0,0,0,0,0,0,0,83.3,79.8875,90.16486486486487,83.54166666666667,0,0,0,0,0,0,0,0,1680.25,2583.125,1968.2702702702702,2512.5833333333335,0,0,0,0,0,0,0,0,-0.8075,0.87125,-0.8105405405405406,0.11791666666666667,0,0,0,0,0,0,0,0,0.28,-0.5875,0.4845945945945946,0.03083333333333333,0,0,0,0,0,0,0,0,4,Balanced Arsenal
641729,"Jiménez, Joe",9.615384615384617,0,40.38461538461539,50,0,0,0,0,0,0,0,0,88.98,0,94.7095238095238,84.33846153846153,0,0,0,0,0,0,0,0,2134.2,0,2327,2135.1153846153848,0,0,0,0,0,0,0,0,-1.42,0,-0.7476190476190476,0.5069230769230769,0,0,0,0,0,0,0,0,0.538,0,1.4642857142857142,0.125,0,0,0,0,0,0,0,0,4,Balanced Arsenal
641755,"Kinley, Tyler",9.803921568627452,0,35.294117647058826,54.90196078431373,0,0,0,0,0,0,0,0,87.32,0,96.12222222222222,90.41785714285714,0,0,0,0,0,0,0,0,1870.6,0,2398.222222222222,2604.4285714285716,0,0,0,0,0,0,0,0,-0.788,0,-0.43666666666666665,-0.04321428571428572,0,0,0,0,0,0,0,0,0.824,0,1.1533333333333333,0.38321428571428573,0,0,0,0,0,0,0,0,4,Balanced Arsenal
641793,"Littell, Zack",0,0,29.896907216494846,45.36082474226804,0,2.0618556701030926,6.185567010309279,0,16.49484536082474,0,0,0,0,0,92.23448275862069,86.27954545454546,0,92.2,79.2,0,82.6,0,0,0,0,0,1973.1724137931035,2237.7727272727275,0,2031.5,2178,0,783.125,0,0,0,0,0,-0.3548275862068966,0.43,0,-0.95,1.175,0,-0.439375,0,0,0,0,0,1.2396551724137932,0.4965909090909091,0,0.98,-0.36666666666666664,0,-0.06062499999999999,0,0,0,3,Power Fastball Pitchers
641927,"Ober, Bailey",26.041666666666668,0,37.5,22.916666666666664,0,0,13.541666666666666,0,0,0,0,0,83.568,0,92.21388888888889,86.63181818181818,0,0,79.94615384615385,0,0,0,0,0,2100.12,0,2315.6944444444443,2142.1363636363635,0,0,2042.923076923077,0,0,0,0,0,-1.6028,0,-0.675,0.265,0,0,0.9023076923076923,0,0,0,0,0,0.5796,0,1.5527777777777778,0.5259090909090909,0,0,0.024615384615384626,0,0,0,0,0,4,Balanced Arsenal
642232,"Yarbrough, Ryan",7.4074074074074066,0,20.37037037037037,0,1.8518518518518516,38.88888888888889,31.48148148148148,0,0,0,0,0,76.925,0,86.97272727272727,0,82.6,84.97619047619048,72.15294117647059,0,0,0,0,0,1901.5,0,1918.1818181818182,0,1932,1809.2857142857142,2220,0,0,0,0,0,1.455,0,1.1236363636363638,0,0.07,1.3633333333333333,-1.2958823529411765,0,0,0,0,0,0.3875,0,0.8372727272727273,0,0.4,0.41095238095238096,0.5352941176470588,0,0,0,0,0,4,Balanced Arsenal
642547,"Peralta, Freddy",7.006369426751593,7.006369426751593,47.13375796178344,38.853503184713375,0,0,0,0,0,0,0,0,88.48181818181818,78.02727272727273,94.44324324324324,81.73114754098361,0,0,0,0,0,0,0,0,1820.2727272727273,2232,2492.324324324324,2379.5737704918033,0,0,0,0,0,0,0,0,-1.2736363636363637,0.3981818181818182,-0.48662162162162165,0.6370491803278688,0,0,0,0,0,0,0,0,0.38363636363636366,-0.42,1.4241891891891891,0.34606557377049174,0,0,0,0,0,0,0,0,4,Balanced Arsenal
647336,"Soroka, Michael",16.296296296296298,0,22.22222222222222,33.33333333333333,0,28.14814814814815,0,0,0,0,0,0,81,0,91.44,81.25333333333333,0,91.51052631578948,0,0,0,0,0,0,2119.0454545454545,0,2434.366666666667,2731.2,0,2253.9736842105262,0,0,0,0,0,0,-1.450909090909091,0,-0.542,0.4388888888888889,0,-1.3089473684210526,0,0,0,0,0,0,0.6813636363636364,0,1.4153333333333333,-0.30266666666666664,0,0.7426315789473684,0,0,0,0,0,0,4,Balanced Arsenal
650556,"Abreu, Bryan",2.4096385542168677,0,42.168674698795186,55.42168674698795,0,0,0,0,0,0,0,0,89.5,0,96.30285714285714,85.80217391304348,0,0,0,0,0,0,0,0,1672,0,2282.457142857143,2869.2608695652175,0,0,0,0,0,0,0,0,-0.885,0,-0.5265714285714286,0.5289130434782608,0,0,0,0,0,0,0,0,0.275,0,1.25,-0.5276086956521739,0,0,0,0,0,0,0,0,4,Balanced Arsenal
650633,"King, Michael",22.105263157894736,0,22.105263157894736,16.842105263157894,0,26.31578947368421,12.631578947368421,0,0,0,0,0,86.26190476190476,0,93.60952380952381,85.88125,0,92.84,83.05833333333334,0,0,0,0,0,2013.6666666666667,0,2252.3809523809523,2331.25,0,2244.88,2736.8333333333335,0,0,0,0,0,-1.4704761904761905,0,-0.5338095238095238,0.248125,0,-1.2988,1.3466666666666667,0,0,0,0,0,0.5019047619047619,0,1.2252380952380952,0.176875,0,0.55,0.30333333333333334,0,0,0,0,0,4,Balanced Arsenal
650644,"Civale, Aaron",0,20.54794520547945,12.32876712328767,0,30.136986301369863,16.43835616438356,20.54794520547945,0,0,0,0,0,0,76.52666666666667,90.66666666666667,0,86.85,91.26666666666667,79.7,0,0,0,0,0,0,3142.6666666666665,2406.222222222222,0,2691.909090909091,2283.5,3016.2,0,0,0,0,0,0,1.316,-0.11,0,0.49318181818181817,-0.8258333333333333,1.514,0,0,0,0,0,0,-1.3953333333333333,1.3922222222222222,0,0.45272727272727276,1.0383333333333333,-0.20600000000000002,0,0,0,0,0,3,Power Fastball Pitchers
650911,"Sánchez, Cristopher",20,0,0,16,0,64,0,0,0,0,0,0,83.79333333333334,0,0,83.20833333333333,0,93.68958333333333,0,0,0,0,0,0,1947.6666666666667,0,0,1954.5,0,2100.9375,0,0,0,0,0,0,1.5093333333333334,0,0,-0.1275,0,1.535,0,0,0,0,0,0,0.02733333333333333,0,0,-0.2808333333333333,0,0.5775,0,0,0,0,0,0,1,Sinker-Slider Specialists
656222,"Beeks, Jalen",10.344827586206897,5.172413793103448,48.275862068965516,0,36.206896551724135,0,0,0,0,0,0,0,89.38333333333334,74.63333333333333,94.65,0,86.25714285714285,0,0,0,0,0,0,0,1860,2607,2143.464285714286,0,2154.4761904761904,0,0,0,0,0,0,0,1.4166666666666667,-0.8166666666666667,0.2892857142857143,0,-0.2671428571428571,0,0,0,0,0,0,0,0.6983333333333334,-1.1266666666666667,1.2096428571428572,0,0.43761904761904763,0,0,0,0,0,0,0,4,Balanced Arsenal
656288,"Canning, Griffin",22.093023255813954,0,41.86046511627907,22.093023255813954,0,1.1627906976744187,0,0,0,12.790697674418606,0,0,88.06842105263158,0,93.1,87.8,0,92.2,0,0,0,81.18181818181819,0,0,1762.0526315789473,0,2142.1388888888887,2563.1052631578946,0,2057,0,0,0,2358.4545454545455,0,0,-1.4205263157894736,0,-0.7216666666666667,-0.038421052631578946,0,-1.2,0,0,0,0.8590909090909091,0,0,0.2594736842105263,0,1.3075,0.08736842105263158,0,1.06,0,0,0,-0.4827272727272727,0,0,4,Balanced Arsenal
656302,"Cease, Dylan",1.1363636363636365,0,37.5,40.909090909090914,2.272727272727273,0,7.954545454545454,0,0,10.227272727272728,0,0,66.9,0,96.48484848484848,87.82777777777778,91,0,83.48571428571428,0,0,82.6888888888889,0,0,1455,0,2516.242424242424,2712.9444444444443,2390,0,2864.714285714286,0,0,2663.777777777778,0,0,-0.46,0,-0.20454545454545453,0.11333333333333333,0.325,0,0.87,0,0,0.29444444444444445,0,0,1.6,0,1.4972727272727273,0.17222222222222222,0.485,0,-1.1057142857142856,0,0,-1.4188888888888889,0,0,4,Balanced Arsenal
656412,"Faedo, Alex",22.857142857142858,0,22.857142857142858,42.857142857142854,0,11.428571428571429,0,0,0,0,0,0,89.1375,0,94.23125,83.51333333333334,0,93.6875,0,0,0,0,0,0,1826.3125,0,2467.5,2686,0,2256,0,0,0,0,0,0,-1.25875,0,-0.6375,0.22966666666666666,0,-1.19625,0,0,0,0,0,0,0.13125,0,1.37875,-0.15866666666666665,0,0.7175,0,0,0,0,0,0,4,Balanced Arsenal
656427,"Flaherty, Jack",7.643312101910828,0,40.12738853503185,24.203821656050955,0,6.369426751592357,0,0,0,21.656050955414013,0,0,87.35833333333333,0,94.53333333333333,85.56315789473685,0,91.14,0,0,0,78.38823529411765,0,0,1647.8333333333333,0,2281.1428571428573,2493.657894736842,0,2117.9,0,0,0,2523.4411764705883,0,0,-1.0875,0,-0.20507936507936508,0.6510526315789473,0,-0.778,0,0,0,1.3055882352941177,0,0,0.41,0,1.287936507936508,0.1168421052631579,0,0.726,0,0,0,-0.8808823529411764,0,0,4,Balanced Arsenal
656546,"Hoffman, Jeff",0,0,37.5,37.5,0,12.5,0,0,12.5,0,0,0,0,0,96.54285714285714,86.36190476190477,0,96.35714285714286,0,0,90.47142857142858,0,0,0,0,0,2642.285714285714,2854,0,2550.714285714286,0,0,1793,0,0,0,0,0,-1.121904761904762,0.5723809523809524,0,-1.2685714285714285,0,0,-1.2442857142857142,0,0,0,0,0,1.519047619047619,-0.21666666666666665,0,1.247142857142857,0,0,0.44571428571428573,0,0,0,3,Power Fastball Pitchers
656557,"Houck, Tanner",0,0,0,0,1.0526315789473684,36.84210526315789,37.89473684210527,0,24.210526315789473,0,0,0,0,0,0,0,87.7,94.00285714285714,83.4,0,88.84782608695652,0,0,0,0,0,0,0,2411,2192.285714285714,2501.4166666666665,0,1634.4782608695652,0,0,0,0,0,0,0,-0.12,-1.3042857142857143,1.4752777777777777,0,-1.0782608695652174,0,0,0,0,0,0,0,-0.32,0.029999999999999995,-0.0775,0,-0.18043478260869567,0,0,0,1,Sinker-Slider Specialists
656605,"Keller, Mitch",0,4.5,47,17,7.000000000000001,13,11.5,0,0,0,0,0,0,77.82222222222222,93.95531914893617,87.70588235294117,90.02142857142857,93.22692307692307,83.1304347826087,0,0,0,0,0,0,2624.3333333333335,2392,2458.6176470588234,2455.714285714286,2398.3076923076924,2757.913043478261,0,0,0,0,0,0,1.08,-0.7859574468085107,0.4032352941176471,0.28214285714285714,-1.3303846153846153,1.3443478260869566,0,0,0,0,0,0,-1.0811111111111111,1.2843617021276597,0.19441176470588237,0.7978571428571428,0.7615384615384615,0.09304347826086956,0,0,0,0,0,3,Power Fastball Pitchers
656629,"Kopech, Michael",0,0,66.66666666666666,7.6923076923076925,25.64102564102564,0,0,0,0,0,0,0,0,0,99.29615384615384,85.93333333333334,91.855,0,0,0,0,0,0,0,0,0,2651.173076923077,2494.8333333333335,2490.6,0,0,0,0,0,0,0,0,0,-0.7334615384615385,0.5133333333333333,0.327,0,0,0,0,0,0,0,0,0,1.5342307692307693,-0.25,0.225,0,0,0,0,0,0,0,3,Power Fastball Pitchers
656756,"Montgomery, Jordan",14.814814814814813,24.074074074074073,7.4074074074074066,1.8518518518518516,0,51.85185185185185,0,0,0,0,0,0,82.175,78.68461538461538,90.675,84.5,0,91.14285714285714,0,0,0,0,0,0,1553.5,2319.3076923076924,2199.5,2410,0,2089.4285714285716,0,0,0,0,0,0,0.8362499999999999,-0.4623076923076923,0.415,-0.14,0,1.2553571428571428,0,0,0,0,0,0,1.0325,-0.6584615384615384,1.31,0.43,0,0.8239285714285715,0,0,0,0,0,0,4,Balanced Arsenal
657277,"Webb, Logan",42.857142857142854,0,0,0,0,37.362637362637365,19.78021978021978,0,0,0,0,0,87.87692307692308,0,0,0,0,91.82352941176471,83.66111111111111,0,0,0,0,0,1523.3846153846155,0,0,0,0,2024.235294117647,2599.6666666666665,0,0,0,0,0,-1.0138461538461538,0,0,0,0,-1.224705882352941,1.3327777777777778,0,0,0,0,0,-0.24256410256410255,0,0,0,0,0.165,-0.11777777777777779,0,0,0,0,0,1,Sinker-Slider Specialists
657376,"Schmidt, Clarke",2.6490066225165565,0,0,0,35.76158940397351,28.47682119205298,17.880794701986755,0,0,15.2317880794702,0,0,87.17500000000001,0,0,0,92.39444444444445,94.08604651162791,85.42222222222222,0,0,83.80869565217391,0,0,2471.5,0,0,0,2728.925925925926,2549.906976744186,3037,0,0,3029.304347826087,0,0,-0.35750000000000004,0,0,0,0.1374074074074074,-0.8765116279069768,0.8781481481481481,0,0,1.3534782608695652,0,0,-0.012499999999999997,0,0,0,0.799074074074074,0.6025581395348837,0.39037037037037037,0,0,-0.7591304347826087,0,0,1,Sinker-Slider Specialists
657514,"Bernardino, Brennan",0,28.846153846153843,0,1.9230769230769231,9.615384615384617,59.61538461538461,0,0,0,0,0,0,0,78.23333333333333,0,85.7,86.92,90.1774193548387,0,0,0,0,0,0,0,2661.0666666666666,0,2233,2267.2,2144.1612903225805,0,0,0,0,0,0,0,-1.4433333333333334,0,-0.29,0.10200000000000001,1.4270967741935483,0,0,0,0,0,0,0,0.040000000000000015,0,0.51,0.668,0.6193548387096774,0,0,0,0,0,0,1,Sinker-Slider Specialists
657746,"Ryan, Joe",0,0,45.83333333333333,9.027777777777777,0,0,15.972222222222221,0,29.166666666666668,0,0,0,0,0,93.7530303030303,87.26153846153846,0,0,82.19130434782609,0,88.67142857142858,0,0,0,0,0,2262.287878787879,2415.769230769231,0,0,2689.3478260869565,0,2051.595238095238,0,0,0,0,0,-0.8801515151515151,0.18307692307692305,0,0,1.1865217391304348,0,-1.2102380952380953,0,0,0,0,0,1.193030303030303,0.34615384615384615,0,0,0.24043478260869566,0,0.07452380952380952,0,0,0,3,Power Fastball Pitchers
660853,"De Los Santos, Enyel",4,0,38,57.99999999999999,0,0,0,0,0,0,0,0,87.65,0,95.37894736842105,87.34137931034483,0,0,0,0,0,0,0,0,1837,0,2227.8947368421054,2281.3793103448274,0,0,0,0,0,0,0,0,-1.42,0,-0.8868421052631579,0.1589655172413793,0,0,0,0,0,0,0,0,0.5800000000000001,0,0.9447368421052632,0.47448275862068967,0,0,0,0,0,0,0,0,4,Balanced Arsenal
661563,"Gil, Luis",25.773195876288657,0,46.391752577319586,26.804123711340207,0,1.0309278350515463,0,0,0,0,0,0,90.328,0,96.52,86.87307692307692,0,97.7,0,0,0,0,0,0,1660.12,0,2438.733333333333,2577.6153846153848,0,2545,0,0,0,0,0,0,-1.1736,0,-0.4608888888888889,0.32884615384615384,0,-0.43,0,0,0,0,0,0,0.486,0,1.4524444444444444,0.6211538461538462,0,1.45,0,0,0,0,0,0,4,Balanced Arsenal
663362,"Waldron, Matt",0,0,16.129032258064516,0,7.096774193548387,18.70967741935484,23.870967741935484,0,0,0,34.193548387096776,0,0,0,90.12,0,86.14545454545454,89.74137931034483,77.56216216216217,0,0,0,76.7188679245283,0,0,0,2065.92,0,2165,1965.5172413793102,2175.837837837838,0,0,0,219.9433962264151,0,0,0,-0.6364,0,0.03454545454545454,-1.1696551724137931,1.1732432432432431,0,0,0,-0.3941509433962264,0,0,0,1.1376,0,0.7927272727272727,0.6462068965517241,0.2045945945945946,0,0,0,-0.3771698113207547,0,1,Sinker-Slider Specialists
663372,"Feltner, Ryan",17.97752808988764,3.3707865168539324,31.46067415730337,38.20224719101123,0,8.98876404494382,0,0,0,0,0,0,84.675,79,94.14285714285714,87.89411764705882,0,94.325,0,0,0,0,0,0,1617.8125,2709.6666666666665,2384.9285714285716,2512.205882352941,0,2328.5,0,0,0,0,0,0,-0.48812500000000003,0.9466666666666667,-0.5035714285714286,0.4082352941176471,0,-1.10375,0,0,0,0,0,0,0.483125,-0.74,1.3417857142857144,0.4376470588235294,0,0.875,0,0,0,0,0,0,4,Balanced Arsenal
663432,"Rainey, Tanner",6.779661016949152,0,55.932203389830505,37.28813559322034,0,0,0,0,0,0,0,0,87.25,0,94.07272727272728,86.5909090909091,0,0,0,0,0,0,0,0,1533.5,0,2422.181818181818,2321.9545454545455,0,0,0,0,0,0,0,0,-1.245,0,-0.9084848484848485,0.2459090909090909,0,0,0,0,0,0,0,0,0.9125,0,1.536969696969697,0.28136363636363637,0,0,0,0,0,0,0,0,4,Balanced Arsenal
663474,"McKenzie, Triston",0,16,66.66666666666666,17.333333333333336,0,0,0,0,0,0,0,0,0,77.33333333333333,90.992,84.4,0,0,0,0,0,0,0,0,0,2263.5833333333335,2240.5,2110.076923076923,0,0,0,0,0,0,0,0,0,0.6516666666666666,0.02799999999999999,0.5184615384615384,0,0,0,0,0,0,0,0,0,-0.7933333333333333,1.7916,0.7646153846153846,0,0,0,0,0,0,0,0,3,Power Fastball Pitchers
663485,"Sands, Cole",0,19.672131147540984,24.59016393442623,0,18.0327868852459,8.19672131147541,0,0,29.508196721311474,0,0,0,0,82.40833333333333,95.09333333333333,0,90.63636363636364,94.88,0,0,88.19444444444444,0,0,0,0,2735.1666666666665,2331.4666666666667,0,2460.3636363636365,2194.2,0,0,1416.888888888889,0,0,0,0,1.1691666666666667,-1.004,0,0.10818181818181818,-1.3780000000000001,0,0,-1.2283333333333333,0,0,0,0,-0.35333333333333333,1.194,0,0.6318181818181818,0.53,0,0,-0.07166666666666666,0,0,0,3,Power Fastball Pitchers
663542,"Hudson, Bryan",0,0,54.54545454545454,0,27.27272727272727,0,18.181818181818183,0,0,0,0,0,0,0,92.35,0,86.68666666666667,0,81.33,0,0,0,0,0,0,0,2368,0,2291.733333333333,0,2189,0,0,0,0,0,0,0,0.497,0,-0.010666666666666673,0,-1.369,0,0,0,0,0,0,0,0.986,0,0.18666666666666668,0,-0.327,0,0,0,0,0,3,Power Fastball Pitchers
663554,"Mize, Casey",0,0,49.42528735632184,27.586206896551722,0,0,0,0,18.39080459770115,4.597701149425287,0,0,0,0,96.26279069767442,86.85416666666667,0,0,0,0,86.0125,81.05,0,0,0,0,2265.1162790697676,2335.0833333333335,0,0,0,0,1171.0625,1976.25,0,0,0,0,-0.6176744186046512,0.3154166666666667,0,0,0,0,-1.028125,0.47,0,0,0,0,1.2425581395348837,-0.07333333333333333,0,0,0,0,0.344375,-0.845,0,0,3,Power Fastball Pitchers
663559,"Falter, Bailey",0,27.692307692307693,58.46153846153847,12.307692307692308,0,0,0,0,1.5384615384615385,0,0,0,0,77.94444444444444,92.01052631578948,86.5625,0,0,0,0,88.3,0,0,0,0,1884.611111111111,2018.9473684210527,1900.625,0,0,0,0,1940,0,0,0,0,-0.4088888888888889,0.20921052631578949,-0.24625000000000002,0,0,0,0,0.37,0,0,0,0,-0.3761111111111111,1.5239473684210527,0.49375,0,0,0,0,1.11,0,0,0,3,Power Fastball Pitchers
663568,"Kolek, Stephen",0,0,10,0,30,34,26,0,0,0,0,0,0,0,95.4,0,91.32000000000001,93.78823529411764,83.73846153846154,0,0,0,0,0,0,0,2209.2,0,2338.2,2216.823529411765,2471.6923076923076,0,0,0,0,0,0,0,-0.346,0,0.098,-1.2258823529411764,1.3323076923076922,0,0,0,0,0,0,0,1.034,0,0.5366666666666666,0.46058823529411763,-0.14692307692307693,0,0,0,0,0,3,Power Fastball Pitchers
663623,"Irvin, Jake",1.948051948051948,25.97402597402597,35.714285714285715,0,20.77922077922078,15.584415584415584,0,0,0,0,0,0,87.7,80.175,93.74545454545455,0,89.759375,93.825,0,0,0,0,0,0,2261.6666666666665,2511.825,2349.6,0,2549.875,2291.0416666666665,0,0,0,0,0,0,-1.52,1.011,-0.8585454545454545,0,-0.1075,-1.52,0,0,0,0,0,0,0.6866666666666666,-0.32775,1.280181818181818,0,0.6440625,0.6733333333333333,0,0,0,0,0,0,4,Balanced Arsenal
663776,"Sandoval, Patrick",31.313131313131315,14.14141414141414,7.07070707070707,41.41414141414141,0,6.0606060606060606,0,0,0,0,0,0,82.58387096774193,75.37857142857143,92.2,86.91951219512195,0,93.03333333333333,0,0,0,0,0,0,1642.8064516129032,2678.0714285714284,1938.142857142857,2486.756097560976,0,1909.8333333333333,0,0,0,0,0,0,1.1051612903225807,-0.9328571428571428,0.5528571428571428,-0.7380487804878049,0,1.165,0,0,0,0,0,0,0.7974193548387097,-1.1742857142857144,1.3471428571428572,0.2397560975609756,0,1.0616666666666668,0,0,0,0,0,0,4,Balanced Arsenal
663855,"Hicks, Jordan",0,0,4.545454545454546,0,0,45.45454545454545,7.954545454545454,0,42.04545454545455,0,0,0,0,0,95.825,0,0,94.65,81.18571428571428,0,84.62702702702703,0,0,0,0,0,2003.5,0,0,1892.9,2237.285714285714,0,873.3243243243244,0,0,0,0,0,-0.7825,0,0,-1.3547500000000001,0.9271428571428572,0,-0.2916216216216216,0,0,0,0,0,1.055,0,0,0.55125,0.31857142857142856,0,-0.08972972972972973,0,0,0,3,Power Fastball Pitchers
663903,"Singer, Brady",5.376344086021505,0,7.526881720430108,39.784946236559136,0,47.31182795698925,0,0,0,0,0,0,88.12,0,92.8,83.6,0,92.44318181818181,0,0,0,0,0,0,2118.8,0,2398.8571428571427,2433.891891891892,0,2253.090909090909,0,0,0,0,0,0,-1.22,0,-0.46714285714285714,0.35783783783783785,0,-1.2081818181818182,0,0,0,0,0,0,0.456,0,1.1171428571428572,-0.051621621621621615,0,0.8181818181818182,0,0,0,0,0,0,4,Balanced Arsenal
663978,"Paddack, Chris",24.210526315789473,10.526315789473683,50.526315789473685,14.736842105263156,0,0,0,0,0,0,0,0,82.33043478260869,77.26,92.2375,85.17857142857143,0,0,0,0,0,0,0,0,1826.9130434782608,2104.2,2134.6458333333335,2006.7857142857142,0,0,0,0,0,0,0,0,-1.2030434782608697,0.63,-0.830625,0.18285714285714286,0,0,0,0,0,0,0,0,0.411304347826087,-1.144,1.4552083333333334,0.425,0,0,0,0,0,0,0,0,4,Balanced Arsenal
664285,"Valdez, Framber",16.901408450704224,26.76056338028169,15.492957746478872,8.450704225352112,0,32.3943661971831,0,0,0,0,0,0,90.28333333333333,80.77368421052631,94.80909090909091,82.21666666666667,0,94.06086956521739,0,0,0,0,0,0,1667.4166666666667,2903.5263157894738,2149.5454545454545,2706.6666666666665,0,2149.1739130434785,0,0,0,0,0,0,0.8783333333333333,-0.6005263157894737,0.8445454545454546,-0.245,0,1.1043478260869566,0,0,0,0,0,0,0.16833333333333333,-0.9947368421052631,0.41,-0.42666666666666664,0,0.2634782608695652,0,0,0,0,0,0,4,Balanced Arsenal
664350,"Sánchez, Sixto",29.78723404255319,0,24.46808510638298,0,38.297872340425535,7.446808510638298,0,0,0,0,0,0,88.80357142857143,0,96.29565217391304,0,87.18055555555556,94.35714285714286,0,0,0,0,0,0,1811.4285714285713,0,2133.782608695652,0,2372.1111111111113,2068.1428571428573,0,0,0,0,0,0,-1.4528571428571428,0,-0.662608695652174,0,0.4647222222222222,-1.4785714285714286,0,0,0,0,0,0,0.33535714285714285,0,1.23,0,0.29194444444444445,0.5857142857142857,0,0,0,0,0,0,4,Balanced Arsenal
665152,"Kremer, Dean",0,8.074534161490684,35.40372670807454,0,31.67701863354037,13.043478260869565,0,0,11.801242236024844,0,0,0,0,77.41538461538461,93.26315789473685,0,87.24313725490197,92.1,0,0,83.88421052631578,0,0,0,0,2765.846153846154,2286.1052631578946,0,2397.7450980392155,2083.2380952380954,0,0,770.1052631578947,0,0,0,0,0.8692307692307693,-0.7150877192982457,0,0.3850980392156863,-1.3023809523809524,0,0,-0.5542105263157895,0,0,0,0,-1.0176923076923077,1.48140350877193,0,0.47274509803921566,0.8914285714285715,0,0,0.41842105263157897,0,0,0,3,Power Fastball Pitchers
665625,"Peguero, Elvis",0,1.9230769230769231,0,53.84615384615385,0,44.230769230769226,0,0,0,0,0,0,0,69.1,0,90.00357142857143,0,96.1304347826087,0,0,0,0,0,0,0,1928,0,2627.785714285714,0,1941.5217391304348,0,0,0,0,0,0,0,0.07,0,0.2571428571428571,0,-1.4656521739130435,0,0,0,0,0,0,0,-0.15,0,-0.08642857142857142,0,0.4917391304347826,0,0,0,0,0,0,1,Sinker-Slider Specialists
665795,"Cabrera, Edward",48.717948717948715,20.51282051282051,20.51282051282051,10.256410256410255,0,0,0,0,0,0,0,0,92.02631578947368,84.73125,96.09375,88.1375,0,0,0,0,0,0,0,0,1665.7368421052631,2474,2318.625,2390.75,0,0,0,0,0,0,0,0,-1.440263157894737,0.63625,-0.90875,0.17875,0,0,0,0,0,0,0,0,0.6521052631578947,-0.455625,1.353125,0.23625000000000002,0,0,0,0,0,0,0,0,4,Balanced Arsenal
665871,"Assad, Javier",6.748466257668712,7.975460122699387,20.245398773006134,0,23.31288343558282,32.515337423312886,9.202453987730062,0,0,0,0,0,82.98181818181818,75.04615384615384,91.36969696969697,0,86.74736842105263,90.77924528301887,78.90666666666667,0,0,0,0,0,1393,2364,2021.1818181818182,0,2018.7105263157894,1814.7358490566037,2347.3333333333335,0,0,0,0,0,-1.12,1.0576923076923077,-0.5633333333333334,0,0.3460526315789474,-1.2475471698113207,1.3493333333333333,0,0,0,0,0,0.9045454545454545,-0.9730769230769231,1.4678787878787878,0,0.7421052631578947,0.9920754716981132,0.11333333333333333,0,0,0,0,0,4,Balanced Arsenal
666142,"Ragans, Cole",24.30939226519337,0,41.43646408839779,9.392265193370166,19.337016574585636,0,0,0,0,5.524861878453039,0,0,86.42272727272727,0,96.332,87.03529411764706,92.74571428571429,0,0,0,0,80.24,0,0,2157.2727272727275,0,2526.733333333333,2527.176470588235,2467.942857142857,0,0,0,0,2415.1,0,0,1.3263636363636364,0,1.0718666666666667,-0.10882352941176471,0.20914285714285713,0,0,0,0,-1.061,0,0,1.0763636363636364,0,1.4314666666666667,0.011764705882352936,0.92,0,0,0,0,-0.993,0,0,4,Balanced Arsenal
666157,"Lodolo, Nick",20.121951219512198,26.82926829268293,26.21951219512195,0,0,26.21951219512195,0,0,0,0,0,0.6097560975609756,87.28181818181818,80.87272727272727,93.6093023255814,0,0,93.56279069767442,0,0,0,0,0,92.4,2005.6363636363637,2694.9772727272725,2390.3953488372094,0,0,2374.5116279069766,0,0,0,0,0,2367,1.5336363636363637,-1.1813636363636364,1.3967441860465117,0,0,1.5125581395348837,0,0,0,0,0,1.49,0.01909090909090909,-0.05022727272727272,0.9558139534883721,0,0,0.682093023255814,0,0,0,0,0,0.92,2,Unique Arsenal (Outlier)
666159,"Manning, Matt",0,11.235955056179774,48.31460674157304,2.247191011235955,0,0,34.831460674157306,0,3.3707865168539324,0,0,0,0,80.93,94.75348837209302,85.8,0,0,84.09677419354838,0,86.76666666666667,0,0,0,0,2290.2,2227.2093023255816,2351.5,0,0,2330.2258064516127,0,1603.6666666666667,0,0,0,0,0.889,-0.2927906976744186,0.43,0,0,0.8364516129032258,0,-0.9,0,0,0,0,-1.034,1.4446511627906977,0.19,0,0,0.7987096774193548,0,0.3233333333333333,0,0,0,3,Power Fastball Pitchers
666808,"Doval, Camilo",0,0,0,61.40350877192983,33.33333333333333,5.263157894736842,0,0,0,0,0,0,0,0,0,88.94857142857143,99.4578947368421,98.2,0,0,0,0,0,0,0,0,0,2374.714285714286,2308.2105263157896,2196.6666666666665,0,0,0,0,0,0,0,0,0,0.3811428571428571,-0.6668421052631579,-1.04,0,0,0,0,0,0,0,0,0,-0.05285714285714285,0.9331578947368421,0.21000000000000002,0,0,0,0,0,0,1,Sinker-Slider Specialists
668678,"Gallen, Zac",21.875,0,46.875,12.5,3.125,0,0,0,0,15.625,0,0,86.30714285714286,0,92.82666666666667,85.3375,90.7,0,0,0,0,79.77,0,0,1487.9285714285713,0,2242.4333333333334,2336.875,2391,0,0,0,0,2390.3,0,0,-0.9042857142857142,0,-0.2803333333333333,0.535,0.135,0,0,0,0,0.543,0,0,0.5842857142857143,0,1.409,0.1825,1.185,0,0,0,0,-1.054,0,0,4,Balanced Arsenal
668881,"Greene, Hunter",0,0,72.44897959183673,26.53061224489796,0,0,0,0,1.0204081632653061,0,0,0,0,0,97.5507042253521,85.9423076923077,0,0,0,0,88.5,0,0,0,0,0,2380.6338028169016,2390.3076923076924,0,0,0,0,1465,0,0,0,0,0,-0.5673239436619718,0.5911538461538461,0,0,0,0,-1.24,0,0,0,0,0,1.4361971830985916,0.2530769230769231,0,0,0,0,0.16,0,0,0,3,Power Fastball Pitchers
668933,"Ashcraft, Graham",5.617977528089887,0,0,24.719101123595504,52.80898876404494,16.853932584269664,0,0,0,0,0,0,91.52,0,0,88.83636363636364,96.10851063829787,95.76666666666667,0,0,0,0,0,0,1963,0,0,2876.3636363636365,2425.659574468085,2405.0666666666666,0,0,0,0,0,0,-1.258,0,0,0.825,0.08574468085106383,-0.7246666666666667,0,0,0,0,0,0,0.342,0,0,0.07909090909090909,0.9180851063829787,0.8193333333333334,0,0,0,0,0,0,1,Sinker-Slider Specialists
668964,"Myers, Tobias",12.5,1.5625,35.9375,17.1875,32.8125,0,0,0,0,0,0,0,82.825,77.9,93.25217391304348,85.58181818181818,90.35714285714286,0,0,0,0,0,0,0,1802.75,2515,2178.8695652173915,2146.4545454545455,2236.809523809524,0,0,0,0,0,0,0,-1.01125,0.45,-0.3739130434782609,0.19636363636363638,0.34476190476190477,0,0,0,0,0,0,0,1.025,-0.37,1.6486956521739131,0.1809090909090909,1.032857142857143,0,0,0,0,0,0,0,4,Balanced Arsenal
669022,"Gore, MacKenzie",15.025906735751295,20.207253886010363,51.29533678756477,0,13.471502590673575,0,0,0,0,0,0,0,86.43103448275862,84.17948717948718,96.71010101010101,0,91.85384615384615,0,0,0,0,0,0,0,1966.6206896551723,2426.8205128205127,2325.060606060606,0,2079.6923076923076,0,0,0,0,0,0,0,1.0751724137931034,0.03794871794871795,0.38171717171717173,0,-0.15923076923076923,0,0,0,0,0,0,0,0.7758620689655172,-0.6853846153846154,1.511010101010101,0,0.7261538461538461,0,0,0,0,0,0,0,4,Balanced Arsenal
669060,"Wilson, Bryse",2.2556390977443606,16.541353383458645,20.30075187969925,0,29.32330827067669,31.57894736842105,0,0,0,0,0,0,90.23333333333333,80.65454545454546,94.18888888888888,0,89.64871794871794,93.5904761904762,0,0,0,0,0,0,1818,2400.9545454545455,2123.4814814814813,0,2136.2051282051284,2153.9523809523807,0,0,0,0,0,0,-1.1700000000000002,1.314090909090909,-0.3711111111111111,0,0.3120512820512821,-1.2221428571428572,0,0,0,0,0,0,0.7166666666666667,-0.30272727272727273,1.3196296296296297,0,0.7487179487179487,0.8559523809523809,0,0,0,0,0,0,4,Balanced Arsenal
669093,"Estrada, Jeremiah",0,0,55.55555555555556,22.22222222222222,0,0,0,0,22.22222222222222,0,0,0,0,0,96.36,88.56666666666666,0,0,0,0,84.20833333333333,0,0,0,0,0,2183.733333333333,2266.0833333333335,0,0,0,0,1361.1666666666667,0,0,0,0,0,-0.04733333333333334,0.5125,0,0,0,0,-1.2925,0,0,0,0,0,1.6219999999999999,0.4575,0,0,0,0,0.81,0,0,0,3,Power Fastball Pitchers
669203,"Burnes, Corbin",12.371134020618557,19.587628865979383,0,29.896907216494846,34.02061855670103,3.0927835051546393,1.0309278350515463,0,0,0,0,0,89.275,80.54736842105264,0,89.98275862068965,95.21818181818182,96.26666666666667,82.3,0,0,0,0,0,1996.9166666666667,2807.2105263157896,0,2890.2413793103447,2691.6666666666665,2466.3333333333335,2966,0,0,0,0,0,-1.095,0.9952631578947368,0,0.6458620689655172,0.13454545454545455,-1,1.64,0,0,0,0,0,0.6483333333333333,-0.9994736842105263,0,0.2986206896551724,1.219090909090909,0.8166666666666667,-0.32,0,0,0,0,0,1,Sinker-Slider Specialists
669302,"Gilbert, Logan",0,0,32.98969072164948,17.525773195876287,35.051546391752574,0,0,0,14.432989690721648,0,0,0,0,0,96.290625,88.08823529411764,91.83235294117647,0,0,0,83.22857142857143,0,0,0,0,0,1920.5625,1881.5294117647059,2139.3529411764707,0,0,0,607.4285714285714,0,0,0,0,0,-0.4059375,0.16470588235294117,0.3982352941176471,0,0,0,-0.4035714285714286,0,0,0,0,0,1.3940625,0.024117647058823532,0.9308823529411765,0,0,0,0.4878571428571429,0,0,0,3,Power Fastball Pitchers
669373,"Skubal, Tarik",31.868131868131865,5.4945054945054945,31.868131868131865,8.791208791208792,0,21.978021978021978,0,0,0,0,0,0,85.8103448275862,78.74,96.87241379310345,88.7875,0,96.29,0,0,0,0,0,0,1663.4137931034484,2289.6,2220.2413793103447,2092.25,0,2072.45,0,0,0,0,0,0,1.1951724137931035,-0.272,0.6168965517241379,-0.21125,0,1.2185,0,0,0,0,0,0,0.5393103448275862,-0.456,1.3093103448275862,0.495,0,0.884,0,0,0,0,0,0,4,Balanced Arsenal
669422,"Sauer, Matt",0,18.64406779661017,42.3728813559322,0,0,11.864406779661017,22.033898305084744,0,5.084745762711865,0,0,0,0,82.36363636363636,95.66,0,0,95.92857142857143,86.12307692307692,0,84.8,0,0,0,0,2608.5454545454545,2097.16,0,0,2085.285714285714,2432.923076923077,0,929.6666666666666,0,0,0,0,0.7999999999999999,-0.6568,0,0,-1.2242857142857142,0.5476923076923077,0,-0.52,0,0,0,0,-0.6354545454545455,1.294,0,0,1.0999999999999999,0.5938461538461538,0,0.20666666666666667,0,0,0,3,Power Fastball Pitchers
669432,"Rogers, Trevor",22.47191011235955,0,42.69662921348314,19.101123595505616,0,15.730337078651685,0,0,0,0,0,0,86.425,0,91.39736842105263,81.84117647058824,0,91.12142857142857,0,0,0,0,0,0,1697.05,0,2397.657894736842,2237.294117647059,0,2360.8571428571427,0,0,0,0,0,0,1.167,0,0.9618421052631579,-0.37470588235294117,0,1.4457142857142857,0,0,0,0,0,0,-0.053,0,1.216578947368421,0.3911764705882353,0,0.6214285714285714,0,0,0,0,0,0,4,Balanced Arsenal
669461,"Liberatore, Matthew",10,16,16,6,30,22,0,0,0,0,0,0,89.06,79.25,95.3375,87.10000000000001,92.52,96.32727272727273,0,0,0,0,0,0,1784.6,2936,2157.625,2750.3333333333335,2655.4666666666667,2203,0,0,0,0,0,0,1.124,-0.6825,0.74125,-0.18666666666666668,-0.06666666666666667,1.200909090909091,0,0,0,0,0,0,0.958,-1.41875,1.425,0.013333333333333332,0.7926666666666666,1.2772727272727273,0,0,0,0,0,0,4,Balanced Arsenal
669713,"Wesneski, Hayden",2.4096385542168677,0,27.710843373493976,0,15.66265060240964,19.27710843373494,34.93975903614458,0,0,0,0,0,86.55000000000001,0,94.72608695652174,0,89.6923076923077,93.01875,82.49310344827586,0,0,0,0,0,1606,0,2181.478260869565,0,2629,2021.5625,2581.689655172414,0,0,0,0,0,-1.19,0,-0.45173913043478264,0,0.4584615384615385,-1.19125,1.5403448275862068,0,0,0,0,0,0.8200000000000001,0,1.0804347826086957,0,0.20384615384615384,0.73875,-0.19482758620689655,0,0,0,0,0,4,Balanced Arsenal
669854,"Blanco, Ronel",34.31372549019608,0,29.411764705882355,36.27450980392157,0,0,0,0,0,0,0,0,85.54285714285714,0,94.25333333333333,87.17837837837838,0,0,0,0,0,0,0,0,1546.942857142857,0,2210.9333333333334,2087.4594594594596,0,0,0,0,0,0,0,0,-0.8162857142857143,0,-0.6456666666666667,0.13891891891891892,0,0,0,0,0,0,0,0,0.07685714285714286,0,1.0076666666666667,0.38837837837837835,0,0,0,0,0,0,0,0,4,Balanced Arsenal
669923,"Kirby, George",0,0,48.421052631578945,16.842105263157894,1.0526315789473684,21.052631578947366,0,0,10.526315789473683,2.1052631578947367,0,0,0,0,96.43695652173913,86.59375,92.4,95.52,0,0,86.3,86.05,0,0,0,0,2244.608695652174,2433.0625,2386,2223.55,0,0,996,2614,0,0,0,0,-0.7239130434782609,0.7875,0.01,-1.2795,0,0,-0.957,0.825,0,0,0,0,1.4595652173913043,-0.16875,0.7,1.0945,0,0,0.186,-1.08,0,0,3,Power Fastball Pitchers
670174,"Winckowski, Josh",17.307692307692307,0,0,9.615384615384617,34.61538461538461,38.46153846153847,0,0,0,0,0,0,92.13333333333333,0,0,84.9,89.87777777777778,95.49,0,0,0,0,0,0,1698.7777777777778,0,0,2361,2206.777777777778,1999.65,0,0,0,0,0,0,-1.4622222222222223,0,0,0.6,0.39055555555555554,-1.308,0,0,0,0,0,0,0.44222222222222224,0,0,-0.31,0.10611111111111111,0.849,0,0,0,0,0,0,1,Sinker-Slider Specialists
670970,"Morejon, Adrian",0,3.508771929824561,26.31578947368421,35.08771929824561,0,24.561403508771928,10.526315789473683,0,0,0,0,0,0,83.05,96.83333333333333,86.855,0,97.48571428571428,81.98333333333333,0,0,0,0,0,0,2629.5,2513.8,2687.9,0,2427.4285714285716,2693,0,0,0,0,0,0,-1.105,0.58,-0.497,0,1.4021428571428571,-1.5783333333333334,0,0,0,0,0,0,-0.28,1.3920000000000001,-0.201,0,0.8257142857142857,-0.39166666666666666,0,0,0,0,0,4,Balanced Arsenal
671096,"Abbott, Andrew",18.823529411764707,20,51.76470588235295,0,0,0,9.411764705882353,0,0,0,0,0,85.16875,81,93.1,0,0,0,83.075,0,0,0,0,0,2152.625,2858.176470588235,2272.068181818182,0,0,0,2752.625,0,0,0,0,0,1.2125000000000001,-0.8270588235294117,0.7515909090909091,0,0,0,-1.24625,0,0,0,0,0,1.018125,-0.471764705882353,1.3552272727272727,0,0,0,0.23750000000000002,0,0,0,0,0,4,Balanced Arsenal
671106,"Allen, Logan",9.89010989010989,0,23.076923076923077,0,20.87912087912088,29.67032967032967,16.483516483516482,0,0,0,0,0,81.24444444444444,0,91.0952380952381,0,85.7421052631579,91.14814814814815,79.58,0,0,0,0,0,743.4444444444445,0,2143.4285714285716,0,2214.3684210526317,2051,2263.733333333333,0,0,0,0,0,-0.08666666666666667,0,0.5038095238095238,0,-0.4089473684210526,0.9696296296296296,-1.0773333333333333,0,0,0,0,0,0.13444444444444445,0,1.2638095238095237,0,0.5131578947368421,1.1814814814814816,0.08,0,0,0,0,0,4,Balanced Arsenal
671212,"Boyle, Joe",0,5.594405594405594,51.048951048951054,40.55944055944056,0,0,2.797202797202797,0,0,0,0,0,0,80.9,97.38219178082191,87.20517241379311,0,0,85.5,0,0,0,0,0,0,2442.875,2481.958904109589,2640.9137931034484,0,0,2685.25,0,0,0,0,0,0,0.56875,-0.2787671232876712,0.2918965517241379,0,0,1.3525,0,0,0,0,0,0,-1.27375,1.4064383561643836,-0.1096551724137931,0,0,-0.40249999999999997,0,0,0,0,0,3,Power Fastball Pitchers
672282,"Detmers, Reid",27.586206896551722,20.689655172413794,37.93103448275862,13.793103448275861,0,0,0,0,0,0,0,0,84.4375,75.61666666666667,93.87272727272727,85.15,0,0,0,0,0,0,0,0,1447.9166666666667,2497.3333333333335,2128.060606060606,2251.5833333333335,0,0,0,0,0,0,0,0,0.86875,-0.7922222222222223,0.6796969696969697,-0.155,0,0,0,0,0,0,0,0,0.9145833333333333,-1.2594444444444444,1.4912121212121212,-0.007500000000000016,0,0,0,0,0,0,0,0,4,Balanced Arsenal
672710,"Contreras, Roansy",0,15.789473684210526,49.122807017543856,5.263157894736842,0,0,29.82456140350877,0,0,0,0,0,0,76.75555555555556,94.16071428571429,83.53333333333333,0,0,81.68235294117648,0,0,0,0,0,0,2656,2326.8214285714284,2519.3333333333335,0,0,2520.9411764705883,0,0,0,0,0,0,0.7722222222222223,-0.32607142857142857,0.67,0,0,1.0694117647058823,0,0,0,0,0,0,-1.1111111111111112,1.5632142857142857,0.8766666666666667,0,0,0.11,0,0,0,0,0,3,Power Fastball Pitchers
674072,"Henry, Tommy",13.88888888888889,26.38888888888889,36.11111111111111,5.555555555555555,0,18.055555555555554,0,0,0,0,0,0,83.75,78.42105263157895,89.88461538461539,80.775,0,90.36923076923077,0,0,0,0,0,0,1490,2204.4210526315787,2091.6153846153848,1952.5,0,1961.6923076923076,0,0,0,0,0,0,1.117,-0.8057894736842105,0.7153846153846154,-0.41500000000000004,0,1.1715384615384616,0,0,0,0,0,0,0.358,-0.6947368421052632,1.313076923076923,0.6125,0,0.8376923076923077,0,0,0,0,0,0,4,Balanced Arsenal
675627,"Grove, Michael",0,0,0,49.152542372881356,13.559322033898304,32.20338983050847,0,0,0,5.084745762711865,0,0,0,0,0,86.91724137931034,92.925,96.1,0,0,0,79.6,0,0,0,0,0,2421.206896551724,2399.75,2245.7368421052633,0,0,0,2541.3333333333335,0,0,0,0,0,0.4458620689655172,0.43,-0.8505263157894737,0,0,0,0.71,0,0,0,0,0,-0.0889655172413793,1.0875,1.2305263157894737,0,0,0,-1.3566666666666667,0,0,1,Sinker-Slider Specialists
676083,"Junk, Janson",0,4.761904761904762,41.269841269841265,12.698412698412698,0,22.22222222222222,19.047619047619047,0,0,0,0,0,0,82.93333333333334,94.23461538461538,89.5125,0,93.82857142857144,81.56666666666666,0,0,0,0,0,0,2565,2373.269230769231,2363.25,0,2182.285714285714,2491.9166666666665,0,0,0,0,0,0,0.55,-0.31384615384615383,0.3725,0,-1.085,0.9775,0,0,0,0,0,0,-1.2,1.5638461538461539,0.57375,0,1.0392857142857144,0.1825,0,0,0,0,0,3,Power Fastball Pitchers
676106,"Hancock, Emerson",15.66265060240964,0,49.39759036144578,13.253012048192772,0,21.686746987951807,0,0,0,0,0,0,86.66923076923077,0,93.45121951219512,83.49090909090908,0,93.09444444444445,0,0,0,0,0,0,1859.6923076923076,0,2361.2195121951218,2240.3636363636365,0,2282.5,0,0,0,0,0,0,-1.4153846153846155,0,-1.0148780487804878,0.5445454545454546,0,-1.4361111111111111,0,0,0,0,0,0,0.39076923076923076,0,1.1143902439024391,0.10818181818181818,0,0.6705555555555556,0,0,0,0,0,0,4,Balanced Arsenal
676130,"Buttó, José",18.085106382978726,0,27.659574468085108,27.659574468085108,0,24.46808510638298,2.127659574468085,0,0,0,0,0,85.97058823529412,0,92.92307692307692,83.95384615384616,0,91.91739130434783,82.25,0,0,0,0,0,1838.3529411764705,0,2441.1153846153848,2645.769230769231,0,2238.521739130435,2580,0,0,0,0,0,-0.6223529411764706,0,-0.32269230769230767,0.40307692307692305,0,-1.2278260869565216,0.9199999999999999,0,0,0,0,0,0.30294117647058827,0,1.363846153846154,0.034615384615384624,0,0.8769565217391304,0.2,0,0,0,0,0,4,Balanced Arsenal
676440,"Bibee, Tanner",16.483516483516482,3.296703296703297,40.65934065934066,0,38.46153846153847,0,1.098901098901099,0,0,0,0,0,81.85333333333334,77.86666666666666,94.84324324324324,0,86.54571428571428,0,85.4,0,0,0,0,0,2025.6666666666667,2718,2431.7837837837837,0,2831.3142857142857,0,2804,0,0,0,0,0,-1.1166666666666667,0.8766666666666667,-0.27864864864864863,0,0.6842857142857143,0,1.08,0,0,0,0,0,0.828,-0.88,1.318108108108108,0,0.19485714285714287,0,0.6,0,0,0,0,0,4,Balanced Arsenal
676596,"Fleming, Josh",32.075471698113205,3.7735849056603774,0,0,15.09433962264151,49.056603773584904,0,0,0,0,0,0,82.49411764705883,76.85,0,0,87.5875,90.3,0,0,0,0,0,0,1531.4117647058824,2319,0,0,1868.5,1769.4615384615386,0,0,0,0,0,0,1.1129411764705883,-0.875,0,0,0.5475,1.5607692307692307,0,0,0,0,0,0,-0.06470588235294118,0.21499999999999997,0,0,0.69125,0.21846153846153846,0,0,0,0,0,0,1,Sinker-Slider Specialists
676664,"Sears, JP",19.387755102040817,0,27.55102040816326,7.142857142857142,0,11.224489795918368,34.69387755102041,0,0,0,0,0,84.69473684210527,0,92.36666666666667,79.64285714285714,0,90.33636363636363,78.76176470588236,0,0,0,0,0,1792.2631578947369,0,2095.074074074074,2455.4285714285716,0,1755.4545454545455,2475.5588235294117,0,0,0,0,0,1.7252631578947368,0,1.1607407407407406,-0.6900000000000001,0,1.5081818181818183,-1.0676470588235294,0,0,0,0,0,0.3094736842105263,0,1.3162962962962963,0.7585714285714286,0,0.4309090909090909,0.5697058823529412,0,0,0,0,0,4,Balanced Arsenal
676680,"Cosgrove, Tom",0,0,18.181818181818183,0,0,18.181818181818183,63.63636363636363,0,0,0,0,0,0,0,89.83333333333333,0,0,89.325,76.65,0,0,0,0,0,0,0,2375.5,0,0,2282.4166666666665,2681.4761904761904,0,0,0,0,0,0,0,0.35,0,0,0.9775,-1.6095238095238096,0,0,0,0,0,0,0,0.8483333333333334,0,0,0.2875,0.5771428571428572,0,0,0,0,0,3,Power Fastball Pitchers
676710,"Crawford, Kutter",0,0,34.11764705882353,0,34.11764705882353,0,15.294117647058824,0,10.588235294117647,5.88235294117647,0,0,0,0,92.7448275862069,0,87.59655172413792,0,81.04615384615384,0,82.13333333333333,76.54,0,0,0,0,2434.5862068965516,0,2425.206896551724,0,2264.923076923077,0,1106.888888888889,2073.6,0,0,0,0,-0.5841379310344827,0,0.49448275862068963,0,1.2,0,-0.34444444444444444,0.714,0,0,0,0,1.6879310344827587,0,0.7486206896551724,0,0.15461538461538463,0,0.5755555555555556,-1.286,0,0,3,Power Fastball Pitchers
676775,"Winn, Keaton",0,0,8.75,23.75,0,28.749999999999996,0,0,38.75,0,0,0,0,0,95.07142857142857,87.56842105263158,0,94.06521739130434,0,0,88,0,0,0,0,0,2311.285714285714,2223.1052631578946,0,2288.304347826087,0,0,1569.741935483871,0,0,0,0,0,-0.8714285714285714,0.18,0,-1.3321739130434782,0,0,-1.185483870967742,0,0,0,0,0,1.3257142857142858,0.15789473684210525,0,0.6656521739130434,0,0,0.03129032258064516,0,0,0,3,Power Fastball Pitchers
676962,"Brown, Ben",3.278688524590164,0,52.459016393442624,0,0,0,0,0,0,44.26229508196721,0,0,90.65,0,95.678125,0,0,0,0,0,0,85.72222222222223,0,0,1619.5,0,2201.96875,0,0,0,0,0,0,2238.8888888888887,0,0,-1.195,0,-0.7675,0,0,0,0,0,0,0.16962962962962963,0,0,0.905,0,1.405625,0,0,0,0,0,0,-0.2262962962962963,0,0,4,Balanced Arsenal
676979,"Crochet, Garrett",20.610687022900763,0,51.908396946564885,0,16.030534351145036,0,11.450381679389313,0,0,0,0,0,90.04074074074074,0,96.94705882352942,0,91.51904761904763,0,83.5,0,0,0,0,0,2053,0,2444.6029411764707,0,2490.5714285714284,0,2282.266666666667,0,0,0,0,0,1.3792592592592592,0,0.7480882352941176,0,-0.27476190476190476,0,-1.1526666666666667,0,0,0,0,0,0.7437037037037038,0,1.3719117647058823,0,0.6209523809523809,0,0.05133333333333334,0,0,0,0,0,4,Balanced Arsenal
677944,"Cecconi, Slade",16.666666666666664,0,53.57142857142857,29.761904761904763,0,0,0,0,0,0,0,0,81.03571428571428,0,94.09111111111112,84.544,0,0,0,0,0,0,0,0,1806.5,0,2279.711111111111,2350.84,0,0,0,0,0,0,0,0,-1.1964285714285714,0,-1.2817777777777777,0.252,0,0,0,0,0,0,0,0,0.4064285714285715,0,1.2373333333333334,0.0712,0,0,0,0,0,0,0,0,4,Balanced Arsenal
677960,"Weathers, Ryan",25.287356321839084,0,45.97701149425287,1.1494252873563218,0,4.597701149425287,22.988505747126435,0,0,0,0,0,86.35909090909091,0,95.36,93.9,0,94.05,81.565,0,0,0,0,0,1806.909090909091,0,2353.975,2567,0,2278,2492.9,0,0,0,0,0,1.19,0,1.02975,0.17,0,1.45,-1.1705,0,0,0,0,0,0.39,0,1.31225,0.48,0,0.98,0.027,0,0,0,0,0,4,Balanced Arsenal
679885,"Martinez, Justin",0,0,24.528301886792452,22.641509433962266,0,22.641509433962266,0,0,30.18867924528302,0,0,0,0,0,99.47692307692307,89.13333333333334,0,100.13333333333333,0,0,89.93125,0,0,0,0,0,2229.4615384615386,2314.5833333333335,0,2152.25,0,0,1028.625,0,0,0,0,0,-0.8484615384615385,0.19416666666666668,0,-1.365,0,0,-0.91875,0,0,0,0,0,1.0661538461538462,0.4116666666666667,0,0.6491666666666667,0,0,0.07375000000000001,0,0,0,3,Power Fastball Pitchers
680570,"Rodriguez, Grayson",22.772277227722775,9.900990099009901,49.504950495049506,17.82178217821782,0,0,0,0,0,0,0,0,83.00869565217391,79.64999999999999,96.166,87.60555555555555,0,0,0,0,0,0,0,0,1626.0434782608695,2655,2320.28,2507.722222222222,0,0,0,0,0,0,0,0,-0.9134782608695652,0.7,-0.969,0.4838888888888889,0,0,0,0,0,0,0,0,0.3160869565217391,-0.851,1.3634,0.25166666666666665,0,0,0,0,0,0,0,0,4,Balanced Arsenal
680573,"Woods Richardson, Simeon",26.285714285714285,9.714285714285714,35.42857142857142,28.57142857142857,0,0,0,0,0,0,0,0,82.78695652173913,74.16470588235295,92.70322580645161,87.474,0,0,0,0,0,0,0,0,2198.2391304347825,2616.470588235294,2196.1290322580644,2314.4,0,0,0,0,0,0,0,0,-1.2206521739130434,0.6,-0.48177419354838713,0.4834,0,0,0,0,0,0,0,0,0.9028260869565218,-1.2452941176470589,1.4212903225806452,0.792,0,0,0,0,0,0,0,0,4,Balanced Arsenal
680704,"Sandlin, Nick",0,0,25,28.57142857142857,0,14.285714285714285,0,0,32.142857142857146,0,0,0,0,0,92.52857142857142,80.25,0,92.3625,0,0,85.2388888888889,0,0,0,0,0,2388.4285714285716,2526.0625,0,2186.25,0,0,1642.0555555555557,0,0,0,0,0,-1.0778571428571428,0.89375,0,-1.4125,0,0,-1.1088888888888888,0,0,0,0,0,1.1,0.494375,0,0.22125,0,0,-0.18333333333333335,0,0,0,3,Power Fastball Pitchers
680730,"Parker, Mitchell",0,23.170731707317074,45.1219512195122,2.4390243902439024,0,0,0,0,29.268292682926827,0,0,0,0,80.17894736842105,91.75945945945946,83.05000000000001,0,0,0,0,85.51666666666667,0,0,0,0,2295.157894736842,2184.0810810810813,2354.5,0,0,0,0,1080.2083333333333,0,0,0,0,-0.16631578947368422,0.43162162162162165,-0.825,0,0,0,0,0.8591666666666666,0,0,0,0,-0.5778947368421052,1.5913513513513513,0.355,0,0,0,0,0.6241666666666666,0,0,0,3,Power Fastball Pitchers
680742,"Bowlan, Jonathan",4.411764705882353,13.23529411764706,42.64705882352941,19.11764705882353,0,20.588235294117645,0,0,0,0,0,0,87.93333333333334,84.03333333333333,95.5896551724138,85.95384615384616,0,95.15714285714286,0,0,0,0,0,0,1381.3333333333333,2464.3333333333335,2248.4827586206898,2523.4615384615386,0,2166.285714285714,0,0,0,0,0,0,-1.2266666666666666,1.1488888888888888,-0.6624137931034483,0.20384615384615384,0,-1.0835714285714286,0,0,0,0,0,0,0.42,-0.5144444444444445,1.5644827586206898,0.18461538461538463,0,1.1242857142857143,0,0,0,0,0,0,4,Balanced Arsenal
681190,"Vásquez, Randy",5.555555555555555,29.166666666666668,25,0,16.666666666666664,8.333333333333332,15.277777777777779,0,0,0,0,0,87.85,81.4,94.6,0,88.85,94.56666666666666,81.88181818181818,0,0,0,0,0,2130.5,3107.4285714285716,2357.8888888888887,0,2661.3333333333335,2317,2984.4545454545455,0,0,0,0,0,-1.2825,0.9828571428571429,-0.40055555555555555,0,0.3283333333333333,-0.8283333333333334,1.0527272727272727,0,0,0,0,0,0.29000000000000004,-0.29333333333333333,1.0361111111111112,0,0.5333333333333333,0.8266666666666667,0.11636363636363638,0,0,0,0,0,4,Balanced Arsenal
681293,"Arrighetti, Spencer",0,24.561403508771928,66.66666666666666,0,5.263157894736842,0,3.508771929824561,0,0,0,0,0,0,77.00714285714285,92.78947368421052,0,85.66666666666667,0,79.6,0,0,0,0,0,0,2688.285714285714,2243.842105263158,0,2416.6666666666665,0,2558.5,0,0,0,0,0,0,1.2678571428571428,-0.8589473684210527,0,0.4866666666666667,0,1.5,0,0,0,0,0,0,-0.895,1.4228947368421052,0,0.6799999999999999,0,0.365,0,0,0,0,0,3,Power Fastball Pitchers
681857,"Olson, Reese",22,9,25,26,0,18,0,0,0,0,0,0,86.38636363636364,78.5111111111111,93.648,83.88461538461539,0,94.21666666666667,0,0,0,0,0,0,2091.090909090909,2588.8888888888887,2204.12,2859,0,2127.222222222222,0,0,0,0,0,0,-1.1572727272727272,0.8577777777777778,-0.828,0.5596153846153846,0,-1.5072222222222222,0,0,0,0,0,0,0.13454545454545455,-1.18,1.3092,-0.20192307692307693,0,0.8083333333333333,0,0,0,0,0,0,4,Balanced Arsenal
681867,"Criswell, Cooper",22.88135593220339,0,0,0,19.491525423728813,31.35593220338983,26.27118644067797,0,0,0,0,0,84.05925925925926,0,0,0,84.8,88.31891891891892,75.83870967741936,0,0,0,0,0,1492.148148148148,0,0,0,2236.1304347826085,2046.945945945946,2459,0,0,0,0,0,-1.1633333333333333,0,0,0,0.19782608695652174,-1.402972972972973,1.6338709677419354,0,0,0,0,0,-0.4855555555555556,0,0,0,0.6630434782608696,0.14486486486486488,0.42516129032258065,0,0,0,0,0,1,Sinker-Slider Specialists
681892,"Funderburk, Kody",1.4705882352941175,0,0,0,54.41176470588235,19.11764705882353,25,0,0,0,0,0,87.4,0,0,0,91.16756756756757,92,81.36470588235294,0,0,0,0,0,1741,0,0,0,2306.6486486486488,2220.769230769231,2420.8823529411766,0,0,0,0,0,1.32,0,0,0,-0.23702702702702702,1.2746153846153847,-1.2041176470588235,0,0,0,0,0,0.12,0,0,0,0.8554054054054054,0.6461538461538462,-0.09058823529411765,0,0,0,0,0,1,Sinker-Slider Specialists
681911,"Vesia, Alex",3.7037037037037033,0,70.37037037037037,25.925925925925924,0,0,0,0,0,0,0,0,86.05,0,93.56052631578947,86.80714285714285,0,0,0,0,0,0,0,0,1549.5,0,2439.0789473684213,2397.8571428571427,0,0,0,0,0,0,0,0,0.74,0,0.5313157894736842,-0.5157142857142857,0,0,0,0,0,0,0,0,1.22,0,1.7852631578947369,0.6921428571428572,0,0,0,0,0,0,0,0,4,Balanced Arsenal
682052,"Lopez, Jacob",5.970149253731343,0,50.74626865671642,43.28358208955223,0,0,0,0,0,0,0,0,82.175,0,90.50588235294117,78.23103448275862,0,0,0,0,0,0,0,0,1930.75,0,2134.823529411765,2240.103448275862,0,0,0,0,0,0,0,0,1.3275000000000001,0,1.0952941176470588,-0.5727586206896552,0,0,0,0,0,0,0,0,0.3425,0,0.9997058823529412,-0.07724137931034483,0,0,0,0,0,0,0,0,4,Balanced Arsenal
682243,"Miller, Bryce",0,0,53.74149659863946,6.122448979591836,0,15.646258503401361,12.925170068027212,0,11.564625850340136,0,0,0,0,0,94.99493670886076,87,0,94.61304347826086,81.12631578947368,0,83.59411764705882,0,0,0,0,0,2437.3164556962024,2548.3333333333335,0,2414.8695652173915,2253.3684210526317,0,874.2352941176471,0,0,0,0,0,-0.5327848101265823,0.19777777777777777,0,-1.3856521739130434,1.3631578947368421,0,-0.6776470588235294,0,0,0,0,0,1.5601265822784811,0.10444444444444445,0,0.9417391304347826,-0.5673684210526316,0,-0.11176470588235295,0,0,0,3,Power Fastball Pitchers
682847,"Ortiz, Luis L.",8.823529411764707,0,27.941176470588236,33.82352941176471,11.76470588235294,17.647058823529413,0,0,0,0,0,0,90.43333333333334,0,94.9578947368421,85.14347826086957,90.45,94.33333333333333,0,0,0,0,0,0,1731.3333333333333,0,2286.9473684210525,2439.5652173913045,2481.125,2304.0833333333335,0,0,0,0,0,0,-1.2716666666666667,0,-0.8657894736842106,0.63,-0.07749999999999999,-1.2775,0,0,0,0,0,0,0.25,0,1.0573684210526315,0.11782608695652172,0.6525,0.3466666666666667,0,0,0,0,0,0,4,Balanced Arsenal
682990,"Priester, Quinn",10.714285714285714,14.285714285714285,14.285714285714285,30.952380952380953,0,29.761904761904763,0,0,0,0,0,0,88.28888888888889,80.51666666666667,92.95,86.78846153846153,0,92.712,0,0,0,0,0,0,1495.7777777777778,2632.5,2173.3333333333335,2423.5384615384614,0,2023.84,0,0,0,0,0,0,-1.2766666666666666,0.4508333333333333,-0.5683333333333334,0.3638461538461538,0,-1.2896,0,0,0,0,0,0,0.44222222222222224,-0.725,1.2883333333333333,0.16692307692307692,0,0.4572,0,0,0,0,0,0,4,Balanced Arsenal
683003,"Jones, Jared",21.686746987951807,8.433734939759036,37.34939759036144,32.53012048192771,0,0,0,0,0,0,0,0,88.22222222222223,79.11428571428571,96.7516129032258,88.1,0,0,0,0,0,0,0,0,1688.4444444444443,2662.5714285714284,2500.064516129032,2530.4814814814813,0,0,0,0,0,0,0,0,-0.9255555555555556,0.7814285714285715,-0.6796774193548387,0.37666666666666665,0,0,0,0,0,0,0,0,0.4527777777777778,-1.11,1.425483870967742,0.16962962962962966,0,0,0,0,0,0,0,0,4,Balanced Arsenal
683769,"Gaddis, Hunter",18.75,0,42.1875,39.0625,0,0,0,0,0,0,0,0,80.725,0,95.22222222222223,87.93599999999999,0,0,0,0,0,0,0,0,2256.9166666666665,0,2327.074074074074,2427.68,0,0,0,0,0,0,0,0,-1.5741666666666667,0,-0.45296296296296296,0.4748,0,0,0,0,0,0,0,0,0.7358333333333333,0,1.382962962962963,0.18359999999999999,0,0,0,0,0,0,0,0,4,Balanced Arsenal
684007,"Imanaga, Shota",0,5.681818181818182,45.45454545454545,0,0,3.4090909090909087,7.954545454545454,0,37.5,0,0,0,0,72.48,91.745,0,0,89.43333333333334,82.35714285714286,0,82.97272727272727,0,0,0,0,2457.2,2424.775,0,0,1962,2458.1428571428573,0,1046.3333333333333,0,0,0,0,-0.796,0.88125,0,0,1.34,-0.66,0,1.003030303030303,0,0,0,0,-1.1640000000000001,1.6895,0,0,0.9866666666666666,0.5157142857142857,0,0.6372727272727273,0,0,0,3,Power Fastball Pitchers
684320,"Rodríguez, Yariel",0,16.101694915254235,32.20338983050847,33.05084745762712,0,14.40677966101695,0,0,4.23728813559322,0,0,0,0,77.26842105263158,93.6157894736842,83.44102564102565,0,92.71176470588236,0,0,89.04,0,0,0,0,2711.2631578947367,2428.842105263158,2747.3076923076924,0,2319.0588235294117,0,0,1424.8,0,0,0,0,1.1068421052631578,-0.13421052631578947,0.9010256410256411,0,-1.13,0,0,-1.064,0,0,0,0,-1.045263157894737,1.0223684210526316,0.06820512820512821,0,0.8841176470588236,0,0,0.702,0,0,0,3,Power Fastball Pitchers
686539,"Cronin, Declan",0,0,0,54.21686746987952,0,44.57831325301205,1.2048192771084338,0,0,0,0,0,0,0,0,86.7311111111111,0,93.42162162162163,81.4,0,0,0,0,0,0,0,0,2759.266666666667,0,2548.2972972972975,1700,0,0,0,0,0,0,0,0,0.5246666666666667,0,-1.0556756756756758,0.67,0,0,0,0,0,0,0,0,-0.1491111111111111,0,0.18432432432432433,-0.09,0,0,0,0,0,1,Sinker-Slider Specialists
686563,"Cannon, Jonathan",11.76470588235294,0,3.9215686274509802,0,13.725490196078432,41.17647058823529,29.411764705882355,0,0,0,0,0,85.44166666666666,0,94.7,0,88.74285714285715,92.82619047619048,81.92999999999999,0,0,0,0,0,1589.25,0,2249.75,0,2411.9285714285716,2070.190476190476,2610.366666666667,0,0,0,0,0,-0.8200000000000001,0,-0.6625,0,0.2342857142857143,-1.0371428571428571,1.395,0,0,0,0,0,-0.12833333333333333,0,1.005,0,0.39071428571428574,0.11857142857142856,0.09366666666666666,0,0,0,0,0,4,Balanced Arsenal
686613,"Brown, Hunter",9.278350515463918,0,52.57731958762887,5.154639175257731,13.402061855670103,0,0,0,0,19.587628865979383,0,0,88.4888888888889,0,95.72941176470589,89.86,92.55384615384615,0,0,0,0,82.53157894736842,0,0,1439,0,2339.5686274509803,2288.6,2418.5384615384614,0,0,0,0,2524.7368421052633,0,0,-1.1944444444444444,0,-0.2923529411764706,0.326,0.3507692307692308,0,0,0,0,0.4726315789473684,0,0,0.7,0,1.492156862745098,0.224,1.0192307692307692,0,0,0,0,-1.3215789473684212,0,0,4,Balanced Arsenal
686752,"Pepiot, Ryan",24.137931034482758,2.2988505747126435,48.275862068965516,19.54022988505747,5.747126436781609,0,0,0,0,0,0,0,86.51428571428572,81.75,95.32619047619048,89.08235294117647,91.54,0,0,0,0,0,0,0,2460.9523809523807,2665,2408.8333333333335,2561.529411764706,2506.6,0,0,0,0,0,0,0,-1.2057142857142857,1.15,-0.5773809523809523,0.5135294117647059,0.298,0,0,0,0,0,0,0,0.28,-1.005,1.5961904761904762,0.5494117647058824,0.982,0,0,0,0,0,0,0,4,Balanced Arsenal
686826,"Jarvis, Bryce",10.909090909090908,0,29.09090909090909,34.54545454545455,18.181818181818183,7.2727272727272725,0,0,0,0,0,0,84.81666666666666,0,95.73125,87.12105263157895,90.73,95.85,0,0,0,0,0,0,1978.8333333333333,0,2157.8125,2674.4736842105262,2456.7,2120.75,0,0,0,0,0,0,-1.3966666666666667,0,-0.72125,0.5626315789473684,-0.177,-1.3575,0,0,0,0,0,0,0.6233333333333333,0,1.25875,-0.03578947368421052,0.575,0.605,0,0,0,0,0,0,4,Balanced Arsenal
687765,"Spence, Mitch",0,15.492957746478872,0,43.66197183098591,35.2112676056338,5.633802816901409,0,0,0,0,0,0,0,79.14545454545454,0,84.50645161290322,91.656,94.05,0,0,0,0,0,0,0,2806.6363636363635,0,2786.8387096774195,2597.36,2394.5,0,0,0,0,0,0,0,1.2772727272727273,0,1.4606451612903226,0.3468,-0.49,0,0,0,0,0,0,0,-1.24,0,-0.2629032258064516,0.5024,0.7925,0,0,0,0,0,0,1,Sinker-Slider Specialists
689017,"Knack, Landon",14.399999999999999,0,42.4,30.4,0,0,0,0,0,12.8,0,0,83.91666666666667,0,92.43773584905661,84.31315789473685,0,0,0,0,0,78.74375,0,0,1629.3333333333333,0,2442.7169811320755,2617.4210526315787,0,0,0,0,0,2858.875,0,0,-0.7133333333333334,0,-0.6143396226415094,0.37105263157894736,0,0,0,0,0,0.669375,0,0,1.1105555555555555,0,1.6275471698113206,0.27263157894736845,0,0,0,0,0,-1.309375,0,0,4,Balanced Arsenal
690986,"Harrison, Kyle",29.03225806451613,0,53.76344086021505,0,0,0,0,17.20430107526882,0,0,0,0,85.5962962962963,0,93.114,0,0,0,0,82.39375,0,0,0,0,1928.7777777777778,0,2230.02,0,0,0,0,2036.5625,0,0,0,0,1.3885185185185185,0,1.2416,0,0,0,0,-0.49874999999999997,0,0,0,0,0.1685185185185185,0,0.9324,0,0,0,0,-0.29375,0,0,0,0,4,Balanced Arsenal
693821,"Elder, Bryce",24.705882352941178,0,5.88235294117647,22.35294117647059,0,47.05882352941176,0,0,0,0,0,0,84.8952380952381,0,90.06,82.90526315789474,0,89.42,0,0,0,0,0,0,2241.2380952380954,0,2073.4,2462.2105263157896,0,1944.4,0,0,0,0,0,0,-0.920952380952381,0,-0.16999999999999998,0.15052631578947367,0,-1.113,0,0,0,0,0,0,0.5371428571428571,0,1.34,0.060526315789473685,0,0.98775,0,0,0,0,0,0,4,Balanced Arsenal
694297,"Pfaadt, Brandon",12.5,1.0416666666666665,22.916666666666664,0,0,23.958333333333336,39.58333333333333,0,0,0,0,0,87.16666666666666,79.7,91.99545454545455,0,0,91.90434782608696,83.52105263157895,0,0,0,0,0,1980.5833333333333,2357,2475.2727272727275,0,0,2329.782608695652,2722.2894736842104,0,0,0,0,0,-1.2083333333333333,1.27,-0.44227272727272726,0,0,-1.2517391304347827,1.0594736842105263,0,0,0,0,0,0.3475,-0.59,1.2322727272727272,0,0,0.5273913043478261,0.5936842105263158,0,0,0,0,0,4,Balanced Arsenal
694813,"Stone, Gavin",15.789473684210526,7.368421052631578,16.842105263157894,14.736842105263156,15.789473684210526,29.47368421052631,0,0,0,0,0,0,86.26666666666667,82.52857142857142,95.1875,89.35,92.46,95.02857142857142,0,0,0,0,0,0,1706.9333333333334,2263.1428571428573,2283.625,2044.142857142857,2333.3333333333335,2169.285714285714,0,0,0,0,0,0,-1.2493333333333334,0.19142857142857145,-0.8025,0.17500000000000002,-0.272,-1.2725,0,0,0,0,0,0,0.5526666666666666,-0.54,1.53375,0.26071428571428573,0.988,1.1185714285714285,0,0,0,0,0,0,4,Balanced Arsenal
808967,"Yamamoto, Yoshinobu",0,26.804123711340207,43.29896907216495,0,3.0927835051546393,0,0,0,26.804123711340207,0,0,0,0,77.93076923076923,95.35952380952381,0,90.43333333333334,0,0,0,89.29615384615384,0,0,0,0,2526,2101.690476190476,0,2136,0,0,0,1092.7692307692307,0,0,0,0,1.1146153846153846,-0.5807142857142857,0,0.14666666666666667,0,0,0,-0.425,0,0,0,0,-1.2869230769230768,1.3526190476190476,0,0.6233333333333333,0,0,0,0.18115384615384617,0,0,0,3,Power Fastball Pitchers
